trace,policy,mode,size_base_mb,size_mb,threads,hp,rep,miss_ratio,mqps,requests
msr_proj_0,lru,replicated,1200,1200,1,26,1,0.2462,0.31,4224523
msr_proj_0,lru,replicated,1200,1200,1,26,2,0.2462,0.31,4224523
msr_proj_0,lru,replicated,1200,1200,1,26,3,0.2462,0.31,4224523
msr_proj_0,lru,replicated,1200,1200,1,26,4,0.2462,0.31,4224523
msr_proj_0,perthread,replicated,1200,1200,1,26,1,0.2440,0.23,4224523
msr_proj_0,perthread,replicated,1200,1200,1,26,2,0.2441,0.23,4224523
msr_proj_0,perthread,replicated,1200,1200,1,26,3,0.2441,0.23,4224523
msr_proj_0,perthread,replicated,1200,1200,1,26,4,0.2440,0.23,4224523
msr_proj_0,lru,replicated,1200,2400,2,27,1,0.2434,0.44,8449046
msr_proj_0,lru,replicated,1200,2400,2,27,2,0.2434,0.44,8449046
msr_proj_0,lru,replicated,1200,2400,2,27,3,0.2434,0.44,8449046
msr_proj_0,lru,replicated,1200,2400,2,27,4,0.2434,0.44,8449046
msr_proj_0,perthread,replicated,1200,2400,2,27,1,0.2413,0.33,8449046
msr_proj_0,perthread,replicated,1200,2400,2,27,2,0.2410,0.44,8449046
msr_proj_0,perthread,replicated,1200,2400,2,27,3,0.2401,0.44,8449046
msr_proj_0,perthread,replicated,1200,2400,2,27,4,0.2410,0.44,8449046
msr_proj_0,lru,replicated,1200,4800,4,28,1,0.2429,0.88,16898092
msr_proj_0,lru,replicated,1200,4800,4,28,2,0.2428,0.87,16898092
msr_proj_0,lru,replicated,1200,4800,4,28,3,0.2427,0.87,16898092
msr_proj_0,lru,replicated,1200,4800,4,28,4,0.2427,0.87,16898092
msr_proj_0,perthread,replicated,1200,4800,4,28,1,0.2398,0.65,16898092
msr_proj_0,perthread,replicated,1200,4800,4,28,2,0.2398,0.65,16898092
msr_proj_0,perthread,replicated,1200,4800,4,28,3,0.2404,0.65,16898092
msr_proj_0,perthread,replicated,1200,4800,4,28,4,0.2397,0.65,16898092
msr_proj_0,lru,replicated,1200,9600,8,29,1,0.2409,1.70,32898092
msr_proj_0,lru,replicated,1200,9600,8,29,2,0.2414,1.68,32449046
msr_proj_0,lru,replicated,1200,9600,8,29,3,0.2398,1.68,32449046
msr_proj_0,lru,replicated,1200,9600,8,29,4,0.2406,1.70,32898092
msr_proj_0,perthread,replicated,1200,9600,8,29,1,0.2373,1.02,33122615
msr_proj_0,perthread,replicated,1200,9600,8,29,2,0.2376,1.01,32673569
msr_proj_0,perthread,replicated,1200,9600,8,29,3,0.2371,1.02,32898092
msr_proj_0,perthread,replicated,1200,9600,8,29,4,0.2383,1.02,32898092
msr_proj_0,lru,replicated,1200,19200,16,30,1,0.2414,1.44,62224523
msr_proj_0,lru,replicated,1200,19200,16,30,2,0.2517,1.61,53224523
msr_proj_0,lru,replicated,1200,19200,16,30,3,0.2404,1.40,63224523
msr_proj_0,lru,replicated,1200,19200,16,30,4,0.2546,1.61,52224523
msr_proj_0,perthread,replicated,1200,19200,16,30,1,0.2393,1.02,62224523
msr_proj_0,perthread,replicated,1200,19200,16,30,2,0.2398,1.05,62224523
msr_proj_0,perthread,replicated,1200,19200,16,30,3,0.2392,1.03,62224523
msr_proj_0,perthread,replicated,1200,19200,16,30,4,0.2391,1.05,62224523
msr_proj_0,lru,replicated,600,600,1,25,1,0.3367,0.27,4224523
msr_proj_0,lru,replicated,600,600,1,25,2,0.3367,0.27,4224523
msr_proj_0,lru,replicated,600,600,1,25,3,0.3367,0.27,4224523
msr_proj_0,lru,replicated,600,600,1,25,4,0.3367,0.27,4224523
msr_proj_0,perthread,replicated,600,600,1,25,1,0.3357,0.21,4224523
msr_proj_0,perthread,replicated,600,600,1,25,2,0.3335,0.21,4224523
msr_proj_0,perthread,replicated,600,600,1,25,3,0.3357,0.21,4224523
msr_proj_0,perthread,replicated,600,600,1,25,4,0.3357,0.21,4224523
msr_proj_0,lru,replicated,600,1200,2,26,1,0.3292,0.47,8449046
msr_proj_0,lru,replicated,600,1200,2,26,2,0.3284,0.47,8449046
msr_proj_0,lru,replicated,600,1200,2,26,3,0.3288,0.47,8449046
msr_proj_0,lru,replicated,600,1200,2,26,4,0.3292,0.47,8449046
msr_proj_0,perthread,replicated,600,1200,2,26,1,0.3264,0.35,8449046
msr_proj_0,perthread,replicated,600,1200,2,26,2,0.3258,0.35,8449046
msr_proj_0,perthread,replicated,600,1200,2,26,3,0.3261,0.35,8449046
msr_proj_0,perthread,replicated,600,1200,2,26,4,0.3261,0.35,8449046
msr_proj_0,lru,replicated,600,2400,4,27,1,0.3266,0.93,16898092
msr_proj_0,lru,replicated,600,2400,4,27,2,0.3245,0.93,16898092
msr_proj_0,lru,replicated,600,2400,4,27,3,0.3275,0.93,16898092
msr_proj_0,lru,replicated,600,2400,4,27,4,0.3262,0.93,16898092
msr_proj_0,perthread,replicated,600,2400,4,27,1,0.3242,0.70,16898092
msr_proj_0,perthread,replicated,600,2400,4,27,2,0.3243,0.70,16898092
msr_proj_0,perthread,replicated,600,2400,4,27,3,0.3238,0.70,16898092
msr_proj_0,perthread,replicated,600,2400,4,27,4,0.3224,0.70,16898092
msr_proj_0,lru,replicated,600,4800,8,28,1,0.3219,1.37,33122615
msr_proj_0,lru,replicated,600,4800,8,28,2,0.3220,1.73,32673569
msr_proj_0,lru,replicated,600,4800,8,28,3,0.3216,1.75,32898092
msr_proj_0,lru,replicated,600,4800,8,28,4,0.3223,1.76,33122615
msr_proj_0,perthread,replicated,600,4800,8,28,1,0.3219,0.91,32898092
msr_proj_0,perthread,replicated,600,4800,8,28,2,0.3224,0.90,32673569
msr_proj_0,perthread,replicated,600,4800,8,28,3,0.3214,0.91,32898092
msr_proj_0,perthread,replicated,600,4800,8,28,4,0.3229,0.89,32449046
msr_proj_0,lru,replicated,600,9600,16,29,1,0.3351,1.74,52224523
msr_proj_0,lru,replicated,600,9600,16,29,2,0.3199,1.77,61673569
msr_proj_0,lru,replicated,600,9600,16,29,3,0.3265,1.78,56224523
msr_proj_0,lru,replicated,600,9600,16,29,4,0.3325,1.74,52224523
msr_proj_0,perthread,replicated,600,9600,16,29,1,0.3252,1.00,60224523
msr_proj_0,perthread,replicated,600,9600,16,29,2,0.3247,0.99,61224523
msr_proj_0,perthread,replicated,600,9600,16,29,3,0.3210,0.99,62224523
msr_proj_0,perthread,replicated,600,9600,16,29,4,0.3193,1.00,62224523
msr_proj_0,lru,replicated,256,256,1,24,1,0.5061,0.20,4224523
msr_proj_0,lru,replicated,256,256,1,24,2,0.5108,0.20,4224523
msr_proj_0,lru,replicated,256,256,1,24,3,0.5061,0.20,4224523
msr_proj_0,lru,replicated,256,256,1,24,4,0.5061,0.20,4224523
msr_proj_0,perthread,replicated,256,256,1,24,1,0.5006,0.17,4224523
msr_proj_0,perthread,replicated,256,256,1,24,2,0.5007,0.17,4224523
msr_proj_0,perthread,replicated,256,256,1,24,3,0.5008,0.17,4224523
msr_proj_0,perthread,replicated,256,256,1,24,4,0.5012,0.17,4224523
msr_proj_0,lru,replicated,256,512,2,25,1,0.4608,0.39,8449046
msr_proj_0,lru,replicated,256,512,2,25,2,0.4631,0.39,8449046
msr_proj_0,lru,replicated,256,512,2,25,3,0.4614,0.39,8449046
msr_proj_0,lru,replicated,256,512,2,25,4,0.4631,0.39,8449046
msr_proj_0,perthread,replicated,256,512,2,25,1,0.4549,0.31,8449046
msr_proj_0,perthread,replicated,256,512,2,25,2,0.4524,0.31,8449046
msr_proj_0,perthread,replicated,256,512,2,25,3,0.4545,0.31,8449046
msr_proj_0,perthread,replicated,256,512,2,25,4,0.4545,0.31,8449046
msr_proj_0,lru,replicated,256,1024,4,26,1,0.4475,0.76,16898092
msr_proj_0,lru,replicated,256,1024,4,26,2,0.4448,0.76,16898092
msr_proj_0,lru,replicated,256,1024,4,26,3,0.4462,0.76,16898092
msr_proj_0,lru,replicated,256,1024,4,26,4,0.4466,0.76,16898092
msr_proj_0,perthread,replicated,256,1024,4,26,1,0.4349,0.61,16898092
msr_proj_0,perthread,replicated,256,1024,4,26,2,0.4371,0.61,16898092
msr_proj_0,perthread,replicated,256,1024,4,26,3,0.4389,0.61,16898092
msr_proj_0,perthread,replicated,256,1024,4,26,4,0.4400,0.61,16898092
msr_proj_0,lru,replicated,256,2048,8,27,1,0.4306,1.47,32898092
msr_proj_0,lru,replicated,256,2048,8,27,2,0.4311,1.47,32898092
msr_proj_0,lru,replicated,256,2048,8,27,3,0.4301,1.48,33122615
msr_proj_0,lru,replicated,256,2048,8,27,4,0.4317,1.46,32673569
msr_proj_0,perthread,replicated,256,2048,8,27,1,0.4307,0.94,32224523
msr_proj_0,perthread,replicated,256,2048,8,27,2,0.4279,0.84,33122615
msr_proj_0,perthread,replicated,256,2048,8,27,3,0.4305,0.93,32224523
msr_proj_0,perthread,replicated,256,2048,8,27,4,0.4281,0.94,32673569
msr_proj_0,lru,replicated,256,4096,16,28,1,0.4238,1.59,55449046
msr_proj_0,lru,replicated,256,4096,16,28,2,0.4182,1.58,60449046
msr_proj_0,lru,replicated,256,4096,16,28,3,0.4302,1.56,52224523
msr_proj_0,lru,replicated,256,4096,16,28,4,0.4286,1.59,53449046
msr_proj_0,perthread,replicated,256,4096,16,28,1,0.4197,0.89,62224523
msr_proj_0,perthread,replicated,256,4096,16,28,2,0.4208,0.89,63224523
msr_proj_0,perthread,replicated,256,4096,16,28,3,0.4199,0.87,64224523
msr_proj_0,perthread,replicated,256,4096,16,28,4,0.4202,0.87,64224523
cache-t-00,lru,replicated,1200,1200,1,26,1,0.7543,0.25,9826680
cache-t-00,lru,replicated,1200,1200,1,26,2,0.7543,0.25,9826680
cache-t-00,lru,replicated,1200,1200,1,26,3,0.7543,0.25,9826680
cache-t-00,lru,replicated,1200,1200,1,26,4,0.7543,0.25,9826680
cache-t-00,perthread,replicated,1200,1200,1,26,1,0.7441,0.22,9826680
cache-t-00,perthread,replicated,1200,1200,1,26,2,0.7440,0.21,9826680
cache-t-00,perthread,replicated,1200,1200,1,26,3,0.7441,0.22,9826680
cache-t-00,perthread,replicated,1200,1200,1,26,4,0.7441,0.22,9826680
cache-t-00,lru,replicated,1200,2400,2,27,1,0.7522,0.48,19653360
cache-t-00,lru,replicated,1200,2400,2,27,2,0.7523,0.48,19653360
cache-t-00,lru,replicated,1200,2400,2,27,3,0.7522,0.48,19653360
cache-t-00,lru,replicated,1200,2400,2,27,4,0.7526,0.48,19653360
cache-t-00,perthread,replicated,1200,2400,2,27,1,0.7416,0.42,19653360
cache-t-00,perthread,replicated,1200,2400,2,27,2,0.7419,0.43,19653360
cache-t-00,perthread,replicated,1200,2400,2,27,3,0.7422,0.43,19653360
cache-t-00,perthread,replicated,1200,2400,2,27,4,0.7419,0.43,19653360
cache-t-00,lru,replicated,1200,4800,4,28,1,0.7514,0.96,39306720
cache-t-00,lru,replicated,1200,4800,4,28,2,0.7511,0.96,39306720
cache-t-00,lru,replicated,1200,4800,4,28,3,0.7514,0.96,39306720
cache-t-00,lru,replicated,1200,4800,4,28,4,0.7512,0.96,39306720
cache-t-00,perthread,replicated,1200,4800,4,28,1,0.7415,0.78,39306720
cache-t-00,perthread,replicated,1200,4800,4,28,2,0.7415,0.78,39306720
cache-t-00,perthread,replicated,1200,4800,4,28,3,0.7413,0.78,39306720
cache-t-00,perthread,replicated,1200,4800,4,28,4,0.7413,0.78,39306720
cache-t-00,lru,replicated,1200,9600,8,29,1,0.7501,1.85,76133400
cache-t-00,lru,replicated,1200,9600,8,29,2,0.7502,1.85,76133400
cache-t-00,lru,replicated,1200,9600,8,29,3,0.7500,1.85,76133400
cache-t-00,lru,replicated,1200,9600,8,29,4,0.7501,1.85,76133400
cache-t-00,perthread,replicated,1200,9600,8,29,1,0.7401,1.43,76133400
cache-t-00,perthread,replicated,1200,9600,8,29,2,0.7402,1.44,76133400
cache-t-00,perthread,replicated,1200,9600,8,29,3,0.7402,1.38,76133400
cache-t-00,perthread,replicated,1200,9600,8,29,4,0.7399,1.43,76133400
cache-t-00,lru,replicated,1200,19200,16,30,1,0.7454,1.44,140266800
cache-t-00,lru,replicated,1200,19200,16,30,2,0.7457,1.46,140266800
cache-t-00,lru,replicated,1200,19200,16,30,3,0.7454,1.44,140266800
cache-t-00,lru,replicated,1200,19200,16,30,4,0.7455,1.46,140266800
cache-t-00,perthread,replicated,1200,19200,16,30,1,0.7390,1.40,148266800
cache-t-00,perthread,replicated,1200,19200,16,30,2,0.7387,1.50,151573520
cache-t-00,perthread,replicated,1200,19200,16,30,3,0.7386,1.41,149093480
cache-t-00,perthread,replicated,1200,19200,16,30,4,0.7381,1.48,153573520
cache-t-00,lru,replicated,600,600,1,25,1,0.8188,0.25,9826680
cache-t-00,lru,replicated,600,600,1,25,2,0.8188,0.25,9826680
cache-t-00,lru,replicated,600,600,1,25,3,0.8188,0.26,9826680
cache-t-00,lru,replicated,600,600,1,25,4,0.8188,0.25,9826680
cache-t-00,perthread,replicated,600,600,1,25,1,0.8071,0.22,9826680
cache-t-00,perthread,replicated,600,600,1,25,2,0.8071,0.22,9826680
cache-t-00,perthread,replicated,600,600,1,25,3,0.8071,0.22,9826680
cache-t-00,perthread,replicated,600,600,1,25,4,0.8071,0.22,9826680
cache-t-00,lru,replicated,600,1200,2,26,1,0.9836,0.44,19653360
cache-t-00,lru,replicated,600,1200,2,26,2,0.9836,0.41,19653360
cache-t-00,lru,replicated,600,1200,2,26,3,0.9837,0.44,19653360
cache-t-00,lru,replicated,600,1200,2,26,4,0.9837,0.41,19653360
cache-t-00,perthread,replicated,600,1200,2,26,1,0.8027,0.40,19653360
cache-t-00,perthread,replicated,600,1200,2,26,2,0.8025,0.40,19653360
cache-t-00,perthread,replicated,600,1200,2,26,3,0.8027,0.40,19653360
cache-t-00,perthread,replicated,600,1200,2,26,4,0.8024,0.40,19653360
cache-t-00,lru,replicated,600,2400,4,27,1,0.8139,0.89,39306720
cache-t-00,lru,replicated,600,2400,4,27,2,0.8135,0.89,39306720
cache-t-00,lru,replicated,600,2400,4,27,3,0.8137,0.89,39306720
cache-t-00,lru,replicated,600,2400,4,27,4,0.8135,0.89,39306720
cache-t-00,perthread,replicated,600,2400,4,27,1,0.8014,0.74,39306720
cache-t-00,perthread,replicated,600,2400,4,27,2,0.8018,0.74,39306720
cache-t-00,perthread,replicated,600,2400,4,27,3,0.8020,0.74,39306720
cache-t-00,perthread,replicated,600,2400,4,27,4,0.8022,0.74,39306720
cache-t-00,lru,replicated,600,4800,8,28,1,0.8125,1.87,76133400
cache-t-00,lru,replicated,600,4800,8,28,2,0.8126,1.87,76133400
cache-t-00,lru,replicated,600,4800,8,28,3,0.8123,1.86,76133400
cache-t-00,lru,replicated,600,4800,8,28,4,0.8123,1.87,76133400
cache-t-00,perthread,replicated,600,4800,8,28,1,0.8006,1.37,76133400
cache-t-00,perthread,replicated,600,4800,8,28,2,0.8008,1.32,76133400
cache-t-00,perthread,replicated,600,4800,8,28,3,0.8006,1.32,76133400
cache-t-00,perthread,replicated,600,4800,8,28,4,0.8005,1.32,76133400
cache-t-00,lru,replicated,600,9600,16,29,1,0.8108,2.09,143306720
cache-t-00,lru,replicated,600,9600,16,29,2,0.8108,2.09,143306720
cache-t-00,lru,replicated,600,9600,16,29,3,0.8107,2.10,143306720
cache-t-00,lru,replicated,600,9600,16,29,4,0.8109,2.12,143306720
cache-t-00,perthread,replicated,600,9600,16,29,1,0.7999,1.77,145306720
cache-t-00,perthread,replicated,600,9600,16,29,2,0.7999,1.78,145306720
cache-t-00,perthread,replicated,600,9600,16,29,3,0.7998,1.76,145306720
cache-t-00,perthread,replicated,600,9600,16,29,4,0.7998,1.77,145306720
cache-t-00,lru,replicated,512,512,1,25,1,0.8325,0.24,9826680
cache-t-00,lru,replicated,512,512,1,25,2,0.8325,0.24,9826680
cache-t-00,lru,replicated,512,512,1,25,3,0.8325,0.24,9826680
cache-t-00,lru,replicated,512,512,1,25,4,0.8325,0.24,9826680
cache-t-00,perthread,replicated,512,512,1,25,1,0.8212,0.21,9826680
cache-t-00,perthread,replicated,512,512,1,25,2,0.8211,0.20,9826680
cache-t-00,perthread,replicated,512,512,1,25,3,0.8213,0.20,9826680
cache-t-00,perthread,replicated,512,512,1,25,4,0.8212,0.20,9826680
cache-t-00,lru,replicated,512,1024,2,26,1,0.9850,0.44,19653360
cache-t-00,lru,replicated,512,1024,2,26,2,0.9849,0.44,19653360
cache-t-00,lru,replicated,512,1024,2,26,3,0.9851,0.41,19653360
cache-t-00,lru,replicated,512,1024,2,26,4,0.9851,0.41,19653360
cache-t-00,perthread,replicated,512,1024,2,26,1,0.8155,0.41,19653360
cache-t-00,perthread,replicated,512,1024,2,26,2,0.8155,0.41,19653360
cache-t-00,perthread,replicated,512,1024,2,26,3,0.8159,0.41,19653360
cache-t-00,perthread,replicated,512,1024,2,26,4,0.8163,0.41,19653360
cache-t-00,lru,replicated,512,2048,4,27,1,0.8263,0.90,39306720
cache-t-00,lru,replicated,512,2048,4,27,2,0.8258,0.90,39306720
cache-t-00,lru,replicated,512,2048,4,27,3,0.8260,0.90,39306720
cache-t-00,lru,replicated,512,2048,4,27,4,0.8261,0.90,39306720
cache-t-00,perthread,replicated,512,2048,4,27,1,0.8141,0.74,39306720
cache-t-00,perthread,replicated,512,2048,4,27,2,0.8140,0.74,39306720
cache-t-00,perthread,replicated,512,2048,4,27,3,0.8140,0.74,39306720
cache-t-00,perthread,replicated,512,2048,4,27,4,0.8144,0.74,39306720
cache-t-00,lru,replicated,512,4096,8,28,1,0.8251,1.74,76133400
cache-t-00,lru,replicated,512,4096,8,28,2,0.8248,1.74,76133400
cache-t-00,lru,replicated,512,4096,8,28,3,0.8247,1.74,76133400
cache-t-00,lru,replicated,512,4096,8,28,4,0.8248,1.74,76133400
cache-t-00,perthread,replicated,512,4096,8,28,1,0.8131,1.33,76133400
cache-t-00,perthread,replicated,512,4096,8,28,2,0.8133,1.33,76133400
cache-t-00,perthread,replicated,512,4096,8,28,3,0.8133,1.33,76133400
cache-t-00,perthread,replicated,512,4096,8,28,4,0.8130,1.33,76133400
cache-t-00,lru,replicated,512,8192,16,29,1,0.8224,2.19,140306720
cache-t-00,lru,replicated,512,8192,16,29,2,0.8228,2.25,133306720
cache-t-00,lru,replicated,512,8192,16,29,3,0.8228,2.24,133306720
cache-t-00,lru,replicated,512,8192,16,29,4,0.8227,2.24,133306720
cache-t-00,perthread,replicated,512,8192,16,29,1,0.8119,1.79,144306720
cache-t-00,perthread,replicated,512,8192,16,29,2,0.8124,1.81,145306720
cache-t-00,perthread,replicated,512,8192,16,29,3,0.8118,1.80,143306720
cache-t-00,perthread,replicated,512,8192,16,29,4,0.8124,1.81,145306720
cluster53,lru,replicated,1200,1200,1,26,1,0.0948,1.49,246508261
cluster53,lru,replicated,1200,1200,1,26,2,0.0948,1.48,246508261
cluster53,lru,replicated,1200,1200,1,26,3,0.0948,1.48,246508261
cluster53,lru,replicated,1200,1200,1,26,4,0.0948,1.49,246508261
cluster53,perthread,replicated,1200,1200,1,26,1,0.0948,0.42,246508261
cluster53,perthread,replicated,1200,1200,1,26,2,0.0948,0.42,246508261
cluster53,perthread,replicated,1200,1200,1,26,3,0.0948,0.42,246508261
cluster53,perthread,replicated,1200,1200,1,26,4,0.0948,0.42,246508261
cluster53,lru,replicated,1200,2400,2,27,1,0.1049,2.43,493016522
cluster53,lru,replicated,1200,2400,2,27,2,0.1049,2.43,493016522
cluster53,lru,replicated,1200,2400,2,27,3,0.1049,2.43,493016522
cluster53,lru,replicated,1200,2400,2,27,4,0.1049,2.43,493016522
cluster53,perthread,replicated,1200,2400,2,27,1,0.1049,0.73,493016522
cluster53,perthread,replicated,1200,2400,2,27,2,0.1049,0.73,493016522
cluster53,perthread,replicated,1200,2400,2,27,3,0.1049,0.72,493016522
cluster53,perthread,replicated,1200,2400,2,27,4,0.1049,0.73,493016522
cluster53,lru,replicated,1200,4800,4,28,1,0.1130,4.25,977016522
cluster53,lru,replicated,1200,4800,4,28,2,0.1126,4.35,970508261
cluster53,lru,replicated,1200,4800,4,28,3,0.1125,4.32,963508261
cluster53,lru,replicated,1200,4800,4,28,4,0.1135,4.29,986033044
cluster53,perthread,replicated,1200,4800,4,28,1,0.1130,1.29,976508261
cluster53,perthread,replicated,1200,4800,4,28,2,0.1134,1.27,986033044
cluster53,perthread,replicated,1200,4800,4,28,3,0.1134,1.27,986033044
cluster53,perthread,replicated,1200,4800,4,28,4,0.1134,1.27,986033044
cluster53,lru,replicated,1200,9600,8,29,1,0.1129,4.66,1811508261
cluster53,lru,replicated,1200,9600,8,29,2,0.1128,4.61,1789508261
cluster53,lru,replicated,1200,9600,8,29,3,0.1133,4.65,1804508261
cluster53,lru,replicated,1200,9600,8,29,4,0.1130,4.69,1818508261
cluster53,perthread,replicated,1200,9600,8,29,1,0.1131,1.95,1866508261
cluster53,perthread,replicated,1200,9600,8,29,2,0.1130,1.95,1854508261
cluster53,perthread,replicated,1200,9600,8,29,3,0.1131,1.97,1864508261
cluster53,perthread,replicated,1200,9600,8,29,4,0.1130,1.95,1860508261
cluster53,lru,replicated,1200,19200,16,30,1,0.1149,4.54,3589016522
cluster53,lru,replicated,1200,19200,16,30,2,0.1146,4.48,3443508261
cluster53,lru,replicated,1200,19200,16,30,3,0.1149,4.56,3512508261
cluster53,lru,replicated,1200,19200,16,30,4,0.1148,4.59,3555508261
cluster53,perthread,replicated,1200,19200,16,30,1,0.1155,2.19,3768508261
cluster53,perthread,replicated,1200,19200,16,30,2,0.1148,2.22,3618508261
cluster53,perthread,replicated,1200,19200,16,30,3,0.1154,2.20,3761508261
cluster53,perthread,replicated,1200,19200,16,30,4,0.1149,2.20,3642016522
cluster53,lru,replicated,600,600,1,25,1,0.1281,1.32,246508261
cluster53,lru,replicated,600,600,1,25,2,0.1281,1.34,246508261
cluster53,lru,replicated,600,600,1,25,3,0.1281,1.35,246508261
cluster53,lru,replicated,600,600,1,25,4,0.1281,1.33,246508261
cluster53,perthread,replicated,600,600,1,25,1,0.1280,0.43,246508261
cluster53,perthread,replicated,600,600,1,25,2,0.1280,0.43,246508261
cluster53,perthread,replicated,600,600,1,25,3,0.1280,0.43,246508261
cluster53,perthread,replicated,600,600,1,25,4,0.1280,0.44,246508261
cluster53,lru,replicated,600,1200,2,26,1,0.1545,2.22,493016522
cluster53,lru,replicated,600,1200,2,26,2,0.1545,2.22,493016522
cluster53,lru,replicated,600,1200,2,26,3,0.1545,2.22,493016522
cluster53,lru,replicated,600,1200,2,26,4,0.1545,2.22,493016522
cluster53,perthread,replicated,600,1200,2,26,1,0.1544,0.76,493016522
cluster53,perthread,replicated,600,1200,2,26,2,0.1544,0.75,493016522
cluster53,perthread,replicated,600,1200,2,26,3,0.1544,0.76,493016522
cluster53,perthread,replicated,600,1200,2,26,4,0.1544,0.76,493016522
cluster53,lru,replicated,600,2400,4,27,1,0.1578,3.86,986033044
cluster53,lru,replicated,600,2400,4,27,2,0.1568,3.97,961508261
cluster53,lru,replicated,600,2400,4,27,3,0.1578,3.76,986033044
cluster53,lru,replicated,600,2400,4,27,4,0.1570,4.00,968508261
cluster53,perthread,replicated,600,2400,4,27,1,0.1578,1.25,986033044
cluster53,perthread,replicated,600,2400,4,27,2,0.1578,1.25,986033044
cluster53,perthread,replicated,600,2400,4,27,3,0.1578,1.26,986033044
cluster53,perthread,replicated,600,2400,4,27,4,0.1577,1.28,983508261
cluster53,lru,replicated,600,4800,8,28,1,0.1598,4.28,1769508261
cluster53,lru,replicated,600,4800,8,28,2,0.1601,4.14,1796508261
cluster53,lru,replicated,600,4800,8,28,3,0.1600,4.26,1793508261
cluster53,lru,replicated,600,4800,8,28,4,0.1600,4.16,1779508261
cluster53,perthread,replicated,600,4800,8,28,1,0.1609,1.82,1885508261
cluster53,perthread,replicated,600,4800,8,28,2,0.1608,1.82,1882508261
cluster53,perthread,replicated,600,4800,8,28,3,0.1605,1.83,1866508261
cluster53,perthread,replicated,600,4800,8,28,4,0.1607,1.83,1875508261
cluster53,lru,replicated,600,9600,16,29,1,0.1616,4.07,3559508261
cluster53,lru,replicated,600,9600,16,29,2,0.1614,4.05,3540508261
cluster53,lru,replicated,600,9600,16,29,3,0.1615,3.99,3576508261
cluster53,lru,replicated,600,9600,16,29,4,0.1613,3.89,3565508261
cluster53,perthread,replicated,600,9600,16,29,1,0.1613,1.94,3519508261
cluster53,perthread,replicated,600,9600,16,29,2,0.1619,1.92,3690508261
cluster53,perthread,replicated,600,9600,16,29,3,0.1619,1.92,3707508261
cluster53,perthread,replicated,600,9600,16,29,4,0.1624,1.93,3749508261
cluster53,lru,replicated,128,128,1,23,1,0.2618,0.92,246508261
cluster53,lru,replicated,128,128,1,23,2,0.2618,0.90,246508261
cluster53,lru,replicated,128,128,1,23,3,0.2618,0.91,246508261
cluster53,lru,replicated,128,128,1,23,4,0.2618,0.91,246508261
cluster53,perthread,replicated,128,128,1,23,1,0.2608,0.44,246508261
cluster53,perthread,replicated,128,128,1,23,2,0.2608,0.44,246508261
cluster53,perthread,replicated,128,128,1,23,3,0.2608,0.44,246508261
cluster53,perthread,replicated,128,128,1,23,4,0.2608,0.44,246508261
cluster53,lru,replicated,128,256,2,24,1,0.2725,1.43,493016522
cluster53,lru,replicated,128,256,2,24,2,0.2724,1.48,493016522
cluster53,lru,replicated,128,256,2,24,3,0.2725,1.43,493016522
cluster53,lru,replicated,128,256,2,24,4,0.2725,1.43,493016522
cluster53,perthread,replicated,128,256,2,24,1,0.2690,0.67,493016522
cluster53,perthread,replicated,128,256,2,24,2,0.2690,0.67,493016522
cluster53,perthread,replicated,128,256,2,24,3,0.2692,0.69,492508261
cluster53,perthread,replicated,128,256,2,24,4,0.2690,0.66,493016522
cluster53,lru,replicated,128,512,4,25,1,0.2909,2.74,986033044
cluster53,lru,replicated,128,512,4,25,2,0.2909,2.74,986033044
cluster53,lru,replicated,128,512,4,25,3,0.2909,2.74,986033044
cluster53,lru,replicated,128,512,4,25,4,0.2912,2.70,986033044
cluster53,perthread,replicated,128,512,4,25,1,0.2936,1.21,976508261
cluster53,perthread,replicated,128,512,4,25,2,0.2937,1.22,977016522
cluster53,perthread,replicated,128,512,4,25,3,0.2937,1.23,977508261
cluster53,perthread,replicated,128,512,4,25,4,0.2937,1.21,979508261
cluster53,lru,replicated,128,1024,8,26,1,0.3204,3.38,1803508261
cluster53,lru,replicated,128,1024,8,26,2,0.3203,3.40,1811508261
cluster53,lru,replicated,128,1024,8,26,3,0.3201,3.35,1806508261
cluster53,lru,replicated,128,1024,8,26,4,0.3200,3.38,1759508261
cluster53,perthread,replicated,128,1024,8,26,1,0.3246,1.56,1874016522
cluster53,perthread,replicated,128,1024,8,26,2,0.3242,1.58,1836508261
cluster53,perthread,replicated,128,1024,8,26,3,0.3243,1.56,1852508261
cluster53,perthread,replicated,128,1024,8,26,4,0.3225,1.56,1836508261
cluster53,lru,replicated,128,2048,16,27,1,0.3533,2.94,3589016522
cluster53,lru,replicated,128,2048,16,27,2,0.3507,2.93,3373508261
cluster53,lru,replicated,128,2048,16,27,3,0.3534,2.89,3541508261
cluster53,lru,replicated,128,2048,16,27,4,0.3536,2.90,3567508261
cluster53,perthread,replicated,128,2048,16,27,1,0.3575,1.44,3578508261
cluster53,perthread,replicated,128,2048,16,27,2,0.3582,1.44,3667508261
cluster53,perthread,replicated,128,2048,16,27,3,0.3581,1.44,3673508261
cluster53,perthread,replicated,128,2048,16,27,4,0.3582,1.45,3653508261
msr_prxy_1,lru,replicated,1200,1200,1,26,1,0.0027,2.92,168638963
msr_prxy_1,lru,replicated,1200,1200,1,26,2,0.0027,2.91,168638963
msr_prxy_1,lru,replicated,1200,1200,1,26,3,0.0027,2.95,168638963
msr_prxy_1,lru,replicated,1200,1200,1,26,4,0.0027,2.94,168638963
msr_prxy_1,perthread,replicated,1200,1200,1,26,1,0.0027,0.68,168638963
msr_prxy_1,perthread,replicated,1200,1200,1,26,2,0.0027,0.68,168638963
msr_prxy_1,perthread,replicated,1200,1200,1,26,3,0.0027,0.67,168638963
msr_prxy_1,perthread,replicated,1200,1200,1,26,4,0.0027,0.68,168638963
msr_prxy_1,lru,replicated,1200,2400,2,27,1,0.0028,4.23,337277926
msr_prxy_1,lru,replicated,1200,2400,2,27,2,0.0028,4.23,337277926
msr_prxy_1,lru,replicated,1200,2400,2,27,3,0.0028,4.23,337277926
msr_prxy_1,lru,replicated,1200,2400,2,27,4,0.0028,4.23,337277926
msr_prxy_1,perthread,replicated,1200,2400,2,27,1,0.0027,1.03,337277926
msr_prxy_1,perthread,replicated,1200,2400,2,27,2,0.0027,1.03,337277926
msr_prxy_1,perthread,replicated,1200,2400,2,27,3,0.0027,1.03,337277926
msr_prxy_1,perthread,replicated,1200,2400,2,27,4,0.0027,1.03,337277926
msr_prxy_1,lru,replicated,1200,4800,4,28,1,0.0025,6.52,624277926
msr_prxy_1,lru,replicated,1200,4800,4,28,2,0.0024,6.50,622638963
msr_prxy_1,lru,replicated,1200,4800,4,28,3,0.0025,6.49,621277926
msr_prxy_1,lru,replicated,1200,4800,4,28,4,0.0024,6.45,617638963
msr_prxy_1,perthread,replicated,1200,4800,4,28,1,0.0027,1.76,674555852
msr_prxy_1,perthread,replicated,1200,4800,4,28,2,0.0027,1.76,674555852
msr_prxy_1,perthread,replicated,1200,4800,4,28,3,0.0027,1.76,674555852
msr_prxy_1,perthread,replicated,1200,4800,4,28,4,0.0027,1.76,674555852
msr_prxy_1,lru,replicated,1200,9600,8,29,1,0.0024,5.44,1214638963
msr_prxy_1,lru,replicated,1200,9600,8,29,2,0.0023,5.57,1199638963
msr_prxy_1,lru,replicated,1200,9600,8,29,3,0.0024,5.47,1222638963
msr_prxy_1,lru,replicated,1200,9600,8,29,4,0.0023,5.60,1250638963
msr_prxy_1,perthread,replicated,1200,9600,8,29,1,0.0024,2.91,1298638963
msr_prxy_1,perthread,replicated,1200,9600,8,29,2,0.0024,2.93,1290638963
msr_prxy_1,perthread,replicated,1200,9600,8,29,3,0.0025,2.91,1300277926
msr_prxy_1,perthread,replicated,1200,9600,8,29,4,0.0024,2.95,1293638963
msr_prxy_1,lru,replicated,1200,19200,16,30,1,0.0024,6.09,2488638963
msr_prxy_1,lru,replicated,1200,19200,16,30,2,0.0023,5.98,2433638963
msr_prxy_1,lru,replicated,1200,19200,16,30,3,0.0023,5.86,2432638963
msr_prxy_1,lru,replicated,1200,19200,16,30,4,0.0023,5.87,2387638963
msr_prxy_1,perthread,replicated,1200,19200,16,30,1,0.0024,3.92,2350277926
msr_prxy_1,perthread,replicated,1200,19200,16,30,2,0.0024,3.91,2345277926
msr_prxy_1,perthread,replicated,1200,19200,16,30,3,0.0024,3.94,2357277926
msr_prxy_1,perthread,replicated,1200,19200,16,30,4,0.0023,3.93,2322638963
msr_prxy_1,lru,replicated,600,600,1,25,1,0.0031,2.93,168638963
msr_prxy_1,lru,replicated,600,600,1,25,2,0.0031,2.95,168638963
msr_prxy_1,lru,replicated,600,600,1,25,3,0.0031,2.95,168638963
msr_prxy_1,lru,replicated,600,600,1,25,4,0.0031,2.91,168638963
msr_prxy_1,perthread,replicated,600,600,1,25,1,0.0031,0.69,168638963
msr_prxy_1,perthread,replicated,600,600,1,25,2,0.0031,0.69,168638963
msr_prxy_1,perthread,replicated,600,600,1,25,3,0.0031,0.68,168638963
msr_prxy_1,perthread,replicated,600,600,1,25,4,0.0031,0.69,168638963
msr_prxy_1,lru,replicated,600,1200,2,26,1,0.0032,4.23,337277926
msr_prxy_1,lru,replicated,600,1200,2,26,2,0.0032,4.23,337277926
msr_prxy_1,lru,replicated,600,1200,2,26,3,0.0031,4.23,337277926
msr_prxy_1,lru,replicated,600,1200,2,26,4,0.0032,4.23,337277926
msr_prxy_1,perthread,replicated,600,1200,2,26,1,0.0031,1.06,337277926
msr_prxy_1,perthread,replicated,600,1200,2,26,2,0.0031,1.06,337277926
msr_prxy_1,perthread,replicated,600,1200,2,26,3,0.0031,1.06,337277926
msr_prxy_1,perthread,replicated,600,1200,2,26,4,0.0031,1.06,337277926
msr_prxy_1,lru,replicated,600,2400,4,27,1,0.0030,6.48,620277926
msr_prxy_1,lru,replicated,600,2400,4,27,2,0.0030,6.47,619277926
msr_prxy_1,lru,replicated,600,2400,4,27,3,0.0030,6.41,613277926
msr_prxy_1,lru,replicated,600,2400,4,27,4,0.0029,6.34,607277926
msr_prxy_1,perthread,replicated,600,2400,4,27,1,0.0033,1.83,672916889
msr_prxy_1,perthread,replicated,600,2400,4,27,2,0.0033,1.80,672916889
msr_prxy_1,perthread,replicated,600,2400,4,27,3,0.0033,1.76,674555852
msr_prxy_1,perthread,replicated,600,2400,4,27,4,0.0033,1.76,674555852
msr_prxy_1,lru,replicated,600,4800,8,28,1,0.0029,5.31,1228638963
msr_prxy_1,lru,replicated,600,4800,8,28,2,0.0029,5.66,1218638963
msr_prxy_1,lru,replicated,600,4800,8,28,3,0.0029,5.41,1208638963
msr_prxy_1,lru,replicated,600,4800,8,28,4,0.0029,5.46,1219638963
msr_prxy_1,perthread,replicated,600,4800,8,28,1,0.0029,2.98,1285638963
msr_prxy_1,perthread,replicated,600,4800,8,28,2,0.0030,2.94,1311638963
msr_prxy_1,perthread,replicated,600,4800,8,28,3,0.0029,3.01,1279638963
msr_prxy_1,perthread,replicated,600,4800,8,28,4,0.0029,2.98,1284638963
msr_prxy_1,lru,replicated,600,9600,16,29,1,0.0029,5.78,2488277926
msr_prxy_1,lru,replicated,600,9600,16,29,2,0.0029,5.88,2440638963
msr_prxy_1,lru,replicated,600,9600,16,29,3,0.0029,5.84,2469638963
msr_prxy_1,lru,replicated,600,9600,16,29,4,0.0029,6.00,2439638963
msr_prxy_1,perthread,replicated,600,9600,16,29,1,0.0028,3.89,2329638963
msr_prxy_1,perthread,replicated,600,9600,16,29,2,0.0028,3.94,2325638963
msr_prxy_1,perthread,replicated,600,9600,16,29,3,0.0028,3.92,2343277926
msr_prxy_1,perthread,replicated,600,9600,16,29,4,0.0028,3.94,2327638963
msr_prxy_1,lru,replicated,256,256,1,24,1,0.3574,0.69,168638963
msr_prxy_1,lru,replicated,256,256,1,24,2,0.3574,0.69,168638963
msr_prxy_1,lru,replicated,256,256,1,24,3,0.3574,0.69,168638963
msr_prxy_1,lru,replicated,256,256,1,24,4,0.3574,0.69,168638963
msr_prxy_1,perthread,replicated,256,256,1,24,1,0.3218,0.44,168638963
msr_prxy_1,perthread,replicated,256,256,1,24,2,0.2495,0.47,168638963
msr_prxy_1,perthread,replicated,256,256,1,24,3,0.2497,0.47,168638963
msr_prxy_1,perthread,replicated,256,256,1,24,4,0.2573,0.44,168638963
msr_prxy_1,lru,replicated,256,512,2,25,1,0.0196,3.30,310638963
msr_prxy_1,lru,replicated,256,512,2,25,2,0.0195,3.29,309638963
msr_prxy_1,lru,replicated,256,512,2,25,3,0.0195,3.30,310638963
msr_prxy_1,lru,replicated,256,512,2,25,4,0.0164,3.74,323638963
msr_prxy_1,perthread,replicated,256,512,2,25,1,0.0179,1.00,337277926
msr_prxy_1,perthread,replicated,256,512,2,25,2,0.0224,0.98,337277926
msr_prxy_1,perthread,replicated,256,512,2,25,3,0.0179,1.00,337277926
msr_prxy_1,perthread,replicated,256,512,2,25,4,0.0224,0.96,337277926
msr_prxy_1,lru,replicated,256,1024,4,26,1,0.0128,6.19,635638963
msr_prxy_1,lru,replicated,256,1024,4,26,2,0.0129,6.05,621277926
msr_prxy_1,lru,replicated,256,1024,4,26,3,0.0127,6.42,608638963
msr_prxy_1,lru,replicated,256,1024,4,26,4,0.0129,6.15,631277926
msr_prxy_1,perthread,replicated,256,1024,4,26,1,0.0138,1.82,674555852
msr_prxy_1,perthread,replicated,256,1024,4,26,2,0.0138,1.82,674555852
msr_prxy_1,perthread,replicated,256,1024,4,26,3,0.0138,1.82,674555852
msr_prxy_1,perthread,replicated,256,1024,4,26,4,0.0138,1.82,674555852
msr_prxy_1,lru,replicated,256,2048,8,27,1,0.0126,5.40,1194638963
msr_prxy_1,lru,replicated,256,2048,8,27,2,0.0126,5.29,1211638963
msr_prxy_1,lru,replicated,256,2048,8,27,3,0.0126,5.14,1218638963
msr_prxy_1,lru,replicated,256,2048,8,27,4,0.0126,5.44,1203638963
msr_prxy_1,perthread,replicated,256,2048,8,27,1,0.0127,3.03,1291638963
msr_prxy_1,perthread,replicated,256,2048,8,27,2,0.0126,3.00,1281638963
msr_prxy_1,perthread,replicated,256,2048,8,27,3,0.0127,3.02,1289277926
msr_prxy_1,perthread,replicated,256,2048,8,27,4,0.0127,3.04,1298277926
msr_prxy_1,lru,replicated,256,4096,16,28,1,0.0127,5.59,2476638963
msr_prxy_1,lru,replicated,256,4096,16,28,2,0.0127,5.84,2491638963
msr_prxy_1,lru,replicated,256,4096,16,28,3,0.0128,5.94,2581916889
msr_prxy_1,lru,replicated,256,4096,16,28,4,0.0128,5.84,2539277926
msr_prxy_1,perthread,replicated,256,4096,16,28,1,0.0125,3.97,2320638963
msr_prxy_1,perthread,replicated,256,4096,16,28,2,0.0125,3.97,2320638963
msr_prxy_1,perthread,replicated,256,4096,16,28,3,0.0125,3.95,2315638963
msr_prxy_1,perthread,replicated,256,4096,16,28,4,0.0125,4.00,2315638963
