trace,policy,mode,size_mb,threads,hp,rep,miss_ratio,mqps,requests
msr_proj_0,lru,shared,1200,1,26,1,0.2462,0.32,4224523
msr_proj_0,lru,shared,1200,1,26,2,0.2462,0.33,4224523
msr_proj_0,logbackoff,shared,1200,1,26,1,0.2416,0.23,4224523
msr_proj_0,logbackoff,shared,1200,1,26,2,0.2415,0.25,4224523
msr_proj_0,lru,shared,1200,2,27,1,0.2466,0.33,4224524
msr_proj_0,lru,shared,1200,2,27,2,0.2466,0.33,4224524
msr_proj_0,logbackoff,shared,1200,2,27,1,0.2413,0.33,4224524
msr_proj_0,logbackoff,shared,1200,2,27,2,0.2418,0.33,4224524
msr_proj_0,lru,shared,1200,4,28,1,0.2473,0.66,4224524
msr_proj_0,lru,shared,1200,4,28,2,0.2468,0.66,4224524
msr_proj_0,logbackoff,shared,1200,4,28,1,0.2422,0.33,4224524
msr_proj_0,logbackoff,shared,1200,4,28,2,0.2406,0.33,4224524
msr_proj_0,lru,shared,1200,8,29,1,0.2577,0.66,4224524
msr_proj_0,lru,shared,1200,8,29,2,0.2524,0.66,4224524
msr_proj_0,logbackoff,shared,1200,8,29,1,0.2509,0.33,4224524
msr_proj_0,logbackoff,shared,1200,8,29,2,0.2481,0.33,4224524
msr_proj_0,lru,shared,1200,16,30,1,0.2757,0.67,4224524
msr_proj_0,lru,shared,1200,16,30,2,0.2718,0.67,4224524
msr_proj_0,logbackoff,shared,1200,16,30,1,0.2526,0.33,4224524
msr_proj_0,logbackoff,shared,1200,16,30,2,0.2524,0.33,4224524
msr_proj_0,lru,shared,600,1,25,1,0.3367,0.28,4224523
msr_proj_0,lru,shared,600,1,25,2,0.3367,0.28,4224523
msr_proj_0,logbackoff,shared,600,1,25,1,0.3269,0.21,4224523
msr_proj_0,logbackoff,shared,600,1,25,2,0.3255,0.20,4224523
msr_proj_0,lru,shared,600,2,26,1,0.3379,0.35,4224524
msr_proj_0,lru,shared,600,2,26,2,0.3381,0.35,4224524
msr_proj_0,logbackoff,shared,600,2,26,1,0.3242,0.23,4224524
msr_proj_0,logbackoff,shared,600,2,26,2,0.3257,0.35,4224524
msr_proj_0,lru,shared,600,4,27,1,0.3462,0.71,4224524
msr_proj_0,lru,shared,600,4,27,2,0.3483,0.71,4224524
msr_proj_0,logbackoff,shared,600,4,27,1,0.3228,0.35,4224524
msr_proj_0,logbackoff,shared,600,4,27,2,0.3224,0.35,4224524
msr_proj_0,lru,shared,600,8,28,1,0.3616,0.72,4224524
msr_proj_0,lru,shared,600,8,28,2,0.3639,0.72,4224524
msr_proj_0,logbackoff,shared,600,8,28,1,0.3364,0.35,4224524
msr_proj_0,logbackoff,shared,600,8,28,2,0.3324,0.35,4224524
msr_proj_0,lru,shared,600,16,29,1,0.3831,0.73,4224524
msr_proj_0,lru,shared,600,16,29,2,0.3855,0.73,4224524
msr_proj_0,logbackoff,shared,600,16,29,1,0.3405,0.35,4224524
msr_proj_0,logbackoff,shared,600,16,29,2,0.3411,0.35,4224524
msr_proj_0,lru,shared,256,1,24,1,0.5108,0.20,4224523
msr_proj_0,lru,shared,256,1,24,2,0.5061,0.21,4224523
msr_proj_0,logbackoff,shared,256,1,24,1,0.4447,0.18,4224523
msr_proj_0,logbackoff,shared,256,1,24,2,0.4443,0.18,4224523
msr_proj_0,lru,shared,256,2,25,1,0.4999,0.40,4224524
msr_proj_0,lru,shared,256,2,25,2,0.4955,0.39,4224524
msr_proj_0,logbackoff,shared,256,2,25,1,0.4523,0.26,4224524
msr_proj_0,logbackoff,shared,256,2,25,2,0.4411,0.25,4224524
msr_proj_0,lru,shared,256,4,26,1,0.4964,0.78,4224524
msr_proj_0,lru,shared,256,4,26,2,0.4954,0.78,4224524
msr_proj_0,logbackoff,shared,256,4,26,1,0.4500,0.38,4224524
msr_proj_0,logbackoff,shared,256,4,26,2,0.4495,0.38,4224524
msr_proj_0,lru,shared,256,8,27,1,0.5006,0.79,4224524
msr_proj_0,lru,shared,256,8,27,2,0.5042,0.79,4224524
msr_proj_0,logbackoff,shared,256,8,27,1,0.4637,0.39,4224524
msr_proj_0,logbackoff,shared,256,8,27,2,0.4566,0.38,4224524
msr_proj_0,lru,shared,256,16,28,1,0.5199,0.80,4224524
msr_proj_0,lru,shared,256,16,28,2,0.5314,0.81,4224524
msr_proj_0,logbackoff,shared,256,16,28,1,0.4628,0.37,4224524
msr_proj_0,logbackoff,shared,256,16,28,2,0.4705,0.38,4224524
cache-t-00,lru,shared,1200,1,26,1,0.7543,0.27,9826680
cache-t-00,lru,shared,1200,1,26,2,0.7543,0.27,9826680
cache-t-00,logbackoff,shared,1200,1,26,1,0.7039,0.18,9826680
cache-t-00,logbackoff,shared,1200,1,26,2,0.7039,0.18,9826680
cache-t-00,lru,shared,1200,2,27,1,0.7544,0.43,9826681
cache-t-00,lru,shared,1200,2,27,2,0.7543,0.43,9826681
cache-t-00,logbackoff,shared,1200,2,27,1,0.7151,0.35,9826681
cache-t-00,logbackoff,shared,1200,2,27,2,0.7142,0.35,9826681
cache-t-00,lru,shared,1200,4,28,1,0.7544,0.72,9826681
cache-t-00,lru,shared,1200,4,28,2,0.7544,0.72,9826681
cache-t-00,logbackoff,shared,1200,4,28,1,0.7236,0.53,9826681
cache-t-00,logbackoff,shared,1200,4,28,2,0.7218,0.53,9826681
cache-t-00,lru,shared,1200,8,29,1,0.7791,1.09,9826681
cache-t-00,lru,shared,1200,8,29,2,0.7789,1.09,9826681
cache-t-00,logbackoff,shared,1200,8,29,1,0.7248,0.71,9826681
cache-t-00,logbackoff,shared,1200,8,29,2,0.7227,0.71,9826681
cache-t-00,lru,shared,1200,16,30,1,0.7809,2.14,9826681
cache-t-00,lru,shared,1200,16,30,2,0.7844,2.14,9826681
cache-t-00,logbackoff,shared,1200,16,30,1,0.7230,1.02,9826681
cache-t-00,logbackoff,shared,1200,16,30,2,0.7189,1.04,9826681
cache-t-00,lru,shared,600,1,25,1,0.8188,0.25,9826680
cache-t-00,lru,shared,600,1,25,2,0.8188,0.25,9826680
cache-t-00,logbackoff,shared,600,1,25,1,0.7625,0.17,9826680
cache-t-00,logbackoff,shared,600,1,25,2,0.7624,0.16,9826680
cache-t-00,lru,shared,600,2,26,1,0.9678,0.40,9826681
cache-t-00,lru,shared,600,2,26,2,0.9678,0.40,9826681
cache-t-00,logbackoff,shared,600,2,26,1,0.7745,0.31,9826681
cache-t-00,logbackoff,shared,600,2,26,2,0.7759,0.30,9826681
cache-t-00,lru,shared,600,4,27,1,0.8195,0.74,9826681
cache-t-00,lru,shared,600,4,27,2,0.8194,0.74,9826681
cache-t-00,logbackoff,shared,600,4,27,1,0.7832,0.55,9826681
cache-t-00,logbackoff,shared,600,4,27,2,0.7835,0.55,9826681
cache-t-00,lru,shared,600,8,28,1,0.8422,1.13,9826681
cache-t-00,lru,shared,600,8,28,2,0.8434,1.13,9826681
cache-t-00,logbackoff,shared,600,8,28,1,0.7855,0.73,9826681
cache-t-00,logbackoff,shared,600,8,28,2,0.7884,0.73,9826681
cache-t-00,lru,shared,600,16,29,1,0.8467,2.04,9826681
cache-t-00,lru,shared,600,16,29,2,0.8491,2.04,9826681
cache-t-00,logbackoff,shared,600,16,29,1,0.7900,0.73,9826681
cache-t-00,logbackoff,shared,600,16,29,2,0.7857,0.73,9826681
cache-t-00,lru,shared,512,1,25,1,0.8325,0.24,9826680
cache-t-00,lru,shared,512,1,25,2,0.8325,0.24,9826680
cache-t-00,logbackoff,shared,512,1,25,1,0.7760,0.15,9826680
cache-t-00,logbackoff,shared,512,1,25,2,0.7759,0.15,9826680
cache-t-00,lru,shared,512,2,26,1,0.9710,0.40,9826681
cache-t-00,lru,shared,512,2,26,2,0.9709,0.40,9826681
cache-t-00,logbackoff,shared,512,2,26,1,0.7850,0.31,9826681
cache-t-00,logbackoff,shared,512,2,26,2,0.7872,0.31,9826681
cache-t-00,lru,shared,512,4,27,1,0.8330,0.75,9826681
cache-t-00,lru,shared,512,4,27,2,0.8332,0.75,9826681
cache-t-00,logbackoff,shared,512,4,27,1,0.7942,0.54,9826681
cache-t-00,logbackoff,shared,512,4,27,2,0.7958,0.55,9826681
cache-t-00,lru,shared,512,8,28,1,0.8580,1.14,9826681
cache-t-00,lru,shared,512,8,28,2,0.8571,1.14,9826681
cache-t-00,logbackoff,shared,512,8,28,1,0.8018,0.74,9826681
cache-t-00,logbackoff,shared,512,8,28,2,0.8013,0.74,9826681
cache-t-00,lru,shared,512,16,29,1,0.8656,2.03,9826681
cache-t-00,lru,shared,512,16,29,2,0.8646,2.03,9826681
cache-t-00,logbackoff,shared,512,16,29,1,0.8036,0.74,9826681
cache-t-00,logbackoff,shared,512,16,29,2,0.8016,0.74,9826681
cluster53,lru,shared,1200,1,26,1,0.0948,1.62,246508261
cluster53,lru,shared,1200,1,26,2,0.0948,1.61,246508261
cluster53,logbackoff,shared,1200,1,26,1,0.0947,0.54,246508261
cluster53,logbackoff,shared,1200,1,26,2,0.0947,0.55,246508261
cluster53,lru,shared,1200,2,27,1,0.0965,2.60,246508262
cluster53,lru,shared,1200,2,27,2,0.0965,2.60,246508262
cluster53,logbackoff,shared,1200,2,27,1,0.0958,0.59,246508262
cluster53,logbackoff,shared,1200,2,27,2,0.0958,0.59,246508262
cluster53,lru,shared,1200,4,28,1,0.0981,4.23,246508262
cluster53,lru,shared,1200,4,28,2,0.0975,4.23,246508262
cluster53,logbackoff,shared,1200,4,28,1,0.0953,0.57,246508262
cluster53,logbackoff,shared,1200,4,28,2,0.0954,0.56,246508262
cluster53,lru,shared,1200,8,29,1,0.0972,4.83,246508262
cluster53,lru,shared,1200,8,29,2,0.0967,4.83,246508262
cluster53,logbackoff,shared,1200,8,29,1,0.0952,0.50,246508262
cluster53,logbackoff,shared,1200,8,29,2,0.0952,0.50,246508262
cluster53,lru,shared,1200,16,30,1,0.0966,4.83,246508262
cluster53,lru,shared,1200,16,30,2,0.0969,4.83,246508262
cluster53,logbackoff,shared,1200,16,30,1,0.0954,0.55,246508262
cluster53,logbackoff,shared,1200,16,30,2,0.0955,0.56,246508262
cluster53,lru,shared,600,1,25,1,0.1281,1.43,246508261
cluster53,lru,shared,600,1,25,2,0.1281,1.43,246508261
cluster53,logbackoff,shared,600,1,25,1,0.1276,0.48,246508261
cluster53,logbackoff,shared,600,1,25,2,0.1276,0.51,246508261
cluster53,lru,shared,600,2,26,1,0.1299,2.49,246508262
cluster53,lru,shared,600,2,26,2,0.1299,2.49,246508262
cluster53,logbackoff,shared,600,2,26,1,0.1285,0.58,246508262
cluster53,logbackoff,shared,600,2,26,2,0.1286,0.60,246508262
cluster53,lru,shared,600,4,27,1,0.1309,3.87,246508262
cluster53,lru,shared,600,4,27,2,0.1313,3.87,246508262
cluster53,logbackoff,shared,600,4,27,1,0.1283,0.53,246508262
cluster53,logbackoff,shared,600,4,27,2,0.1286,0.55,246508262
cluster53,lru,shared,600,8,28,1,0.1298,4.35,246508262
cluster53,lru,shared,600,8,28,2,0.1300,4.35,246508262
cluster53,logbackoff,shared,600,8,28,1,0.1281,0.48,246508262
cluster53,logbackoff,shared,600,8,28,2,0.1282,0.48,246508262
cluster53,lru,shared,600,16,29,1,0.1297,4.35,246508262
cluster53,lru,shared,600,16,29,2,0.1296,4.35,246508262
cluster53,logbackoff,shared,600,16,29,1,0.1283,0.52,246508262
cluster53,logbackoff,shared,600,16,29,2,0.1283,0.53,246508262
cluster53,lru,shared,128,1,23,1,0.2618,0.96,246508261
cluster53,lru,shared,128,1,23,2,0.2618,0.95,246508261
cluster53,logbackoff,shared,128,1,23,1,0.2426,0.35,246508261
cluster53,logbackoff,shared,128,1,23,2,0.2426,0.35,246508261
cluster53,lru,shared,128,2,24,1,0.2653,1.77,246508262
cluster53,lru,shared,128,2,24,2,0.2653,1.70,246508262
cluster53,logbackoff,shared,128,2,24,1,0.2490,0.52,246508262
cluster53,logbackoff,shared,128,2,24,2,0.2500,0.52,246508262
cluster53,lru,shared,128,4,25,1,0.2677,3.00,246508262
cluster53,lru,shared,128,4,25,2,0.2679,3.01,246508262
cluster53,logbackoff,shared,128,4,25,1,0.2473,0.57,246508262
cluster53,logbackoff,shared,128,4,25,2,0.2475,0.56,246508262
cluster53,lru,shared,128,8,26,1,0.3021,3.84,246508262
cluster53,lru,shared,128,8,26,2,0.3060,3.80,246508262
cluster53,logbackoff,shared,128,8,26,1,0.3052,0.51,246508262
cluster53,logbackoff,shared,128,8,26,2,0.3054,0.51,246508262
cluster53,lru,shared,128,16,27,1,0.3425,3.76,246508262
cluster53,lru,shared,128,16,27,2,0.3471,3.62,246508262
cluster53,logbackoff,shared,128,16,27,1,0.2552,0.57,246508262
cluster53,logbackoff,shared,128,16,27,2,0.2562,0.57,246508262
msr_prxy_1,lru,shared,1200,1,26,1,0.0027,3.10,168638963
msr_prxy_1,lru,shared,1200,1,26,2,0.0027,3.11,168638963
msr_prxy_1,logbackoff,shared,1200,1,26,1,0.0027,1.65,168638963
msr_prxy_1,logbackoff,shared,1200,1,26,2,0.0027,1.63,168638963
msr_prxy_1,lru,shared,1200,2,27,1,0.0027,4.23,168638964
msr_prxy_1,lru,shared,1200,2,27,2,0.0028,4.23,168638964
msr_prxy_1,logbackoff,shared,1200,2,27,1,0.0027,1.24,168638964
msr_prxy_1,logbackoff,shared,1200,2,27,2,0.0027,1.76,168638964
msr_prxy_1,lru,shared,1200,4,28,1,0.0027,7.05,168638964
msr_prxy_1,lru,shared,1200,4,28,2,0.0027,7.05,168638964
msr_prxy_1,logbackoff,shared,1200,4,28,1,0.0027,1.17,168638964
msr_prxy_1,logbackoff,shared,1200,4,28,2,0.0027,1.63,168638964
msr_prxy_1,lru,shared,1200,8,29,1,0.0027,7.05,168638964
msr_prxy_1,lru,shared,1200,8,29,2,0.0027,7.05,168638964
msr_prxy_1,logbackoff,shared,1200,8,29,1,0.0027,1.51,168638964
msr_prxy_1,logbackoff,shared,1200,8,29,2,0.0027,1.63,168638964
msr_prxy_1,lru,shared,1200,16,30,1,0.0029,9.85,168638964
msr_prxy_1,lru,shared,1200,16,30,2,0.0028,9.78,168638964
msr_prxy_1,logbackoff,shared,1200,16,30,1,0.0027,1.63,168638964
msr_prxy_1,logbackoff,shared,1200,16,30,2,0.0027,1.63,168638964
msr_prxy_1,lru,shared,600,1,25,1,0.0031,3.19,168638963
msr_prxy_1,lru,shared,600,1,25,2,0.0031,3.18,168638963
msr_prxy_1,logbackoff,shared,600,1,25,1,0.0030,1.67,168638963
msr_prxy_1,logbackoff,shared,600,1,25,2,0.0030,1.71,168638963
msr_prxy_1,lru,shared,600,2,26,1,0.0031,4.23,168638964
msr_prxy_1,lru,shared,600,2,26,2,0.0031,4.23,168638964
msr_prxy_1,logbackoff,shared,600,2,26,1,0.0030,1.63,168638964
msr_prxy_1,logbackoff,shared,600,2,26,2,0.0030,1.63,168638964
msr_prxy_1,lru,shared,600,4,27,1,0.0032,7.05,168638964
msr_prxy_1,lru,shared,600,4,27,2,0.0033,7.05,168638964
msr_prxy_1,logbackoff,shared,600,4,27,1,0.0030,1.63,168638964
msr_prxy_1,logbackoff,shared,600,4,27,2,0.0030,1.32,168638964
msr_prxy_1,lru,shared,600,8,28,1,0.0032,7.05,168638964
msr_prxy_1,lru,shared,600,8,28,2,0.0031,7.05,168638964
msr_prxy_1,logbackoff,shared,600,8,28,1,0.0030,1.51,168638964
msr_prxy_1,logbackoff,shared,600,8,28,2,0.0030,1.17,168638964
msr_prxy_1,lru,shared,600,16,29,1,0.0035,10.01,168638964
msr_prxy_1,lru,shared,600,16,29,2,0.0035,9.59,168638964
msr_prxy_1,logbackoff,shared,600,16,29,1,0.0030,1.32,168638964
msr_prxy_1,logbackoff,shared,600,16,29,2,0.0030,1.51,168638964
msr_prxy_1,lru,shared,256,1,24,1,0.2846,0.69,168638963
msr_prxy_1,lru,shared,256,1,24,2,0.2846,0.69,168638963
msr_prxy_1,logbackoff,shared,256,1,24,1,0.1964,0.43,168638963
msr_prxy_1,logbackoff,shared,256,1,24,2,0.1996,0.42,168638963
msr_prxy_1,lru,shared,256,2,25,1,0.1087,1.80,168638964
msr_prxy_1,lru,shared,256,2,25,2,0.2624,1.40,168638964
msr_prxy_1,logbackoff,shared,256,2,25,1,0.0911,0.70,168638964
msr_prxy_1,logbackoff,shared,256,2,25,2,0.0915,0.70,168638964
msr_prxy_1,lru,shared,256,4,26,1,0.0855,3.81,168638964
msr_prxy_1,lru,shared,256,4,26,2,0.0884,3.82,168638964
msr_prxy_1,logbackoff,shared,256,4,26,1,0.0750,0.76,168638964
msr_prxy_1,logbackoff,shared,256,4,26,2,0.0630,0.80,168638964
msr_prxy_1,lru,shared,256,8,27,1,0.1289,3.40,168638964
msr_prxy_1,lru,shared,256,8,27,2,0.1064,3.89,168638964
msr_prxy_1,logbackoff,shared,256,8,27,1,0.0577,0.74,168638964
msr_prxy_1,logbackoff,shared,256,8,27,2,0.0689,0.64,168638964
msr_prxy_1,lru,shared,256,16,28,1,0.0901,4.44,168638964
msr_prxy_1,lru,shared,256,16,28,2,0.0820,4.56,168638964
msr_prxy_1,logbackoff,shared,256,16,28,1,0.0533,0.71,168638964
msr_prxy_1,logbackoff,shared,256,16,28,2,0.0544,0.71,168638964
