trace,algo,cache_mb,hashpower,miss_ratio
cluster26.oracleGeneral,lru,4,18,
cluster26.oracleGeneral,lru,8,19,0.9998
cluster26.oracleGeneral,lru,16,20,0.6029
cluster26.oracleGeneral,lru,32,21,0.3869
cluster26.oracleGeneral,lru,64,22,0.0904
cluster26.oracleGeneral,lru,128,23,0.0789
cluster26.oracleGeneral,lru,256,24,0.0781
cluster26.oracleGeneral,lru,512,25,0.0781
cluster26.oracleGeneral,lru,1024,26,0.0780
cluster26.oracleGeneral,lru,2048,27,0.0780
cluster26.oracleGeneral,lru,4096,28,0.0780
cluster26.oracleGeneral,lru,8192,29,0.0780
cluster10.oracleGeneral,lru,4,18,
cluster10.oracleGeneral,lru,8,19,0.4999
cluster10.oracleGeneral,lru,16,20,0.4999
cluster10.oracleGeneral,lru,32,21,0.4999
cluster10.oracleGeneral,lru,64,22,0.4998
cluster10.oracleGeneral,lru,128,23,0.4997
cluster10.oracleGeneral,lru,256,24,0.4995
cluster10.oracleGeneral,lru,512,25,0.4991
cluster10.oracleGeneral,lru,1024,26,0.4984
cluster10.oracleGeneral,lru,2048,27,0.4972
cluster10.oracleGeneral,lru,4096,28,0.4959
cluster10.oracleGeneral,lru,8192,29,0.4959
cluster50.oracleGeneral,lru,4,18,
cluster50.oracleGeneral,lru,8,19,0.5493
cluster50.oracleGeneral,lru,16,20,0.5365
cluster50.oracleGeneral,lru,32,21,0.5178
cluster50.oracleGeneral,lru,64,22,0.4923
cluster50.oracleGeneral,lru,128,23,0.4774
cluster50.oracleGeneral,lru,256,24,0.4748
cluster50.oracleGeneral,lru,512,25,0.4567
cluster50.oracleGeneral,lru,1024,26,0.4247
cluster50.oracleGeneral,lru,2048,27,0.3695
cluster50.oracleGeneral,lru,4096,28,0.2872
cluster50.oracleGeneral,lru,8192,29,0.1620
cluster53.oracleGeneral,lru,4,18,
cluster53.oracleGeneral,lru,8,19,0.9964
cluster53.oracleGeneral,lru,16,20,0.6443
cluster53.oracleGeneral,lru,32,21,0.5275
cluster53.oracleGeneral,lru,64,22,0.4472
cluster53.oracleGeneral,lru,128,23,0.2618
cluster53.oracleGeneral,lru,256,24,0.1730
cluster53.oracleGeneral,lru,512,25,0.1323
cluster53.oracleGeneral,lru,1024,26,0.1173
cluster53.oracleGeneral,lru,2048,27,0.0776
cluster53.oracleGeneral,lru,4096,28,0.0577
cluster53.oracleGeneral,lru,8192,29,0.0385
cluster45.oracleGeneral,lru,4,18,
cluster45.oracleGeneral,lru,8,19,0.6863
cluster45.oracleGeneral,lru,16,20,0.5799
cluster45.oracleGeneral,lru,32,21,0.4827
cluster45.oracleGeneral,lru,64,22,0.4822
cluster45.oracleGeneral,lru,128,23,0.4301
cluster45.oracleGeneral,lru,256,24,0.4044
cluster45.oracleGeneral,lru,512,25,0.3852
cluster45.oracleGeneral,lru,1024,26,0.3638
cluster45.oracleGeneral,lru,2048,27,0.3354
cluster45.oracleGeneral,lru,4096,28,0.2996
cluster45.oracleGeneral,lru,8192,29,0.2854
msr_proj_0.oracleGeneral,lru,4,18,
msr_proj_0.oracleGeneral,lru,8,19,0.8198
msr_proj_0.oracleGeneral,lru,16,20,0.7670
msr_proj_0.oracleGeneral,lru,32,21,0.7046
msr_proj_0.oracleGeneral,lru,64,22,0.6601
msr_proj_0.oracleGeneral,lru,128,23,0.6420
msr_proj_0.oracleGeneral,lru,256,24,0.5062
msr_proj_0.oracleGeneral,lru,512,25,0.3586
msr_proj_0.oracleGeneral,lru,1024,26,0.2836
msr_proj_0.oracleGeneral,lru,2048,27,0.1677
msr_proj_0.oracleGeneral,lru,4096,28,0.0995
msr_proj_0.oracleGeneral,lru,8192,29,0.0723
202206_kv_traces_all.csv.oracleGeneral,lru,4,18,
202206_kv_traces_all.csv.oracleGeneral,lru,8,19,0.9430
202206_kv_traces_all.csv.oracleGeneral,lru,16,20,0.5381
202206_kv_traces_all.csv.oracleGeneral,lru,32,21,0.3568
202206_kv_traces_all.csv.oracleGeneral,lru,64,22,0.2525
202206_kv_traces_all.csv.oracleGeneral,lru,128,23,0.2048
202206_kv_traces_all.csv.oracleGeneral,lru,256,24,0.1664
202206_kv_traces_all.csv.oracleGeneral,lru,512,25,0.1314
202206_kv_traces_all.csv.oracleGeneral,lru,1024,26,0.1046
202206_kv_traces_all.csv.oracleGeneral,lru,2048,27,0.0839
202206_kv_traces_all.csv.oracleGeneral,lru,4096,28,0.0673
202206_kv_traces_all.csv.oracleGeneral,lru,8192,29,0.0553
202210_kv_traces_all_sort.csv.oracleGeneral,lru,4,18,
202210_kv_traces_all_sort.csv.oracleGeneral,lru,8,19,0.8910
202210_kv_traces_all_sort.csv.oracleGeneral,lru,16,20,0.4954
202210_kv_traces_all_sort.csv.oracleGeneral,lru,32,21,0.3511
202210_kv_traces_all_sort.csv.oracleGeneral,lru,64,22,0.2406
202210_kv_traces_all_sort.csv.oracleGeneral,lru,128,23,0.1594
202210_kv_traces_all_sort.csv.oracleGeneral,lru,256,24,0.1373
202210_kv_traces_all_sort.csv.oracleGeneral,lru,512,25,0.1174
202210_kv_traces_all_sort.csv.oracleGeneral,lru,1024,26,0.0960
202210_kv_traces_all_sort.csv.oracleGeneral,lru,2048,27,0.0780
202210_kv_traces_all_sort.csv.oracleGeneral,lru,4096,28,0.0647
202210_kv_traces_all_sort.csv.oracleGeneral,lru,8192,29,0.0543
cache-t-00.oracleGeneral,lru,4,18,
cache-t-00.oracleGeneral,lru,8,19,0.9961
cache-t-00.oracleGeneral,lru,16,20,0.9881
cache-t-00.oracleGeneral,lru,32,21,0.9666
cache-t-00.oracleGeneral,lru,64,22,0.9327
cache-t-00.oracleGeneral,lru,128,23,0.9234
cache-t-00.oracleGeneral,lru,256,24,0.8863
cache-t-00.oracleGeneral,lru,512,25,0.8325
cache-t-00.oracleGeneral,lru,1024,26,0.7693
cache-t-00.oracleGeneral,lru,2048,27,0.6948
cache-t-00.oracleGeneral,lru,4096,28,0.6025
cache-t-00.oracleGeneral,lru,8192,29,0.5041
cluster26.oracleGeneral,s3fifo,4,18,
cluster26.oracleGeneral,s3fifo,8,19,0.9998
cluster26.oracleGeneral,s3fifo,16,20,0.6031
cluster26.oracleGeneral,s3fifo,32,21,0.3871
cluster26.oracleGeneral,s3fifo,64,22,0.0908
cluster26.oracleGeneral,s3fifo,128,23,0.0793
cluster26.oracleGeneral,s3fifo,256,24,0.0782
cluster26.oracleGeneral,s3fifo,512,25,0.0781
cluster26.oracleGeneral,s3fifo,1024,26,0.0780
cluster26.oracleGeneral,s3fifo,2048,27,0.0780
cluster26.oracleGeneral,s3fifo,4096,28,0.0780
cluster26.oracleGeneral,s3fifo,8192,29,0.0780
cluster10.oracleGeneral,s3fifo,4,18,
cluster10.oracleGeneral,s3fifo,8,19,0.4999
cluster10.oracleGeneral,s3fifo,16,20,
cluster10.oracleGeneral,s3fifo,32,21,0.4999
cluster10.oracleGeneral,s3fifo,64,22,0.4998
cluster10.oracleGeneral,s3fifo,128,23,0.4997
cluster10.oracleGeneral,s3fifo,256,24,0.4995
cluster10.oracleGeneral,s3fifo,512,25,0.4991
cluster10.oracleGeneral,s3fifo,1024,26,0.4984
cluster10.oracleGeneral,s3fifo,2048,27,0.4972
cluster10.oracleGeneral,s3fifo,4096,28,0.4959
cluster10.oracleGeneral,s3fifo,8192,29,0.4959
cluster50.oracleGeneral,s3fifo,4,18,
cluster50.oracleGeneral,s3fifo,8,19,0.5473
cluster50.oracleGeneral,s3fifo,16,20,0.5449
cluster50.oracleGeneral,s3fifo,32,21,0.5335
cluster50.oracleGeneral,s3fifo,64,22,0.5135
cluster50.oracleGeneral,s3fifo,128,23,0.4871
cluster50.oracleGeneral,s3fifo,256,24,0.4459
cluster50.oracleGeneral,s3fifo,512,25,0.4229
cluster50.oracleGeneral,s3fifo,1024,26,0.3969
cluster50.oracleGeneral,s3fifo,2048,27,0.3570
cluster50.oracleGeneral,s3fifo,4096,28,0.2951
cluster50.oracleGeneral,s3fifo,8192,29,0.1646
cluster53.oracleGeneral,s3fifo,4,18,
cluster53.oracleGeneral,s3fifo,8,19,0.9964
cluster53.oracleGeneral,s3fifo,16,20,0.6398
cluster53.oracleGeneral,s3fifo,32,21,0.5244
cluster53.oracleGeneral,s3fifo,64,22,0.4433
cluster53.oracleGeneral,s3fifo,128,23,0.2359
cluster53.oracleGeneral,s3fifo,256,24,0.1505
cluster53.oracleGeneral,s3fifo,512,25,0.1251
cluster53.oracleGeneral,s3fifo,1024,26,0.1110
cluster53.oracleGeneral,s3fifo,2048,27,0.0746
cluster53.oracleGeneral,s3fifo,4096,28,0.0566
cluster53.oracleGeneral,s3fifo,8192,29,0.0384
cluster45.oracleGeneral,s3fifo,4,18,
cluster45.oracleGeneral,s3fifo,8,19,0.6833
cluster45.oracleGeneral,s3fifo,16,20,0.5718
cluster45.oracleGeneral,s3fifo,32,21,0.4715
cluster45.oracleGeneral,s3fifo,64,22,0.4697
cluster45.oracleGeneral,s3fifo,128,23,
cluster45.oracleGeneral,s3fifo,256,24,
cluster45.oracleGeneral,s3fifo,512,25,0.3791
cluster45.oracleGeneral,s3fifo,1024,26,0.3556
cluster45.oracleGeneral,s3fifo,2048,27,0.3298
cluster45.oracleGeneral,s3fifo,4096,28,0.2986
cluster45.oracleGeneral,s3fifo,8192,29,0.2854
msr_proj_0.oracleGeneral,s3fifo,4,18,
msr_proj_0.oracleGeneral,s3fifo,8,19,0.8241
msr_proj_0.oracleGeneral,s3fifo,16,20,0.7707
msr_proj_0.oracleGeneral,s3fifo,32,21,0.7068
msr_proj_0.oracleGeneral,s3fifo,64,22,0.6609
msr_proj_0.oracleGeneral,s3fifo,128,23,0.6145
msr_proj_0.oracleGeneral,s3fifo,256,24,0.4216
msr_proj_0.oracleGeneral,s3fifo,512,25,0.3239
msr_proj_0.oracleGeneral,s3fifo,1024,26,0.2567
msr_proj_0.oracleGeneral,s3fifo,2048,27,0.1585
msr_proj_0.oracleGeneral,s3fifo,4096,28,0.0951
msr_proj_0.oracleGeneral,s3fifo,8192,29,0.0697
202206_kv_traces_all.csv.oracleGeneral,s3fifo,4,18,
202206_kv_traces_all.csv.oracleGeneral,s3fifo,8,19,0.9373
202206_kv_traces_all.csv.oracleGeneral,s3fifo,16,20,0.5125
202206_kv_traces_all.csv.oracleGeneral,s3fifo,32,21,0.3176
202206_kv_traces_all.csv.oracleGeneral,s3fifo,64,22,0.2103
202206_kv_traces_all.csv.oracleGeneral,s3fifo,128,23,0.1693
202206_kv_traces_all.csv.oracleGeneral,s3fifo,256,24,0.1375
202206_kv_traces_all.csv.oracleGeneral,s3fifo,512,25,0.1081
202206_kv_traces_all.csv.oracleGeneral,s3fifo,1024,26,0.0857
202206_kv_traces_all.csv.oracleGeneral,s3fifo,2048,27,0.0695
202206_kv_traces_all.csv.oracleGeneral,s3fifo,4096,28,0.0562
202206_kv_traces_all.csv.oracleGeneral,s3fifo,8192,29,0.0451
202210_kv_traces_all_sort.csv.oracleGeneral,s3fifo,4,18,
202210_kv_traces_all_sort.csv.oracleGeneral,s3fifo,8,19,0.8899
202210_kv_traces_all_sort.csv.oracleGeneral,s3fifo,16,20,0.4526
202210_kv_traces_all_sort.csv.oracleGeneral,s3fifo,32,21,0.3139
202210_kv_traces_all_sort.csv.oracleGeneral,s3fifo,64,22,0.2158
202210_kv_traces_all_sort.csv.oracleGeneral,s3fifo,128,23,0.1448
202210_kv_traces_all_sort.csv.oracleGeneral,s3fifo,256,24,0.1274
202210_kv_traces_all_sort.csv.oracleGeneral,s3fifo,512,25,0.1089
202210_kv_traces_all_sort.csv.oracleGeneral,s3fifo,1024,26,0.0895
202210_kv_traces_all_sort.csv.oracleGeneral,s3fifo,2048,27,0.0735
202210_kv_traces_all_sort.csv.oracleGeneral,s3fifo,4096,28,0.0614
202210_kv_traces_all_sort.csv.oracleGeneral,s3fifo,8192,29,0.0498
cache-t-00.oracleGeneral,s3fifo,4,18,
cache-t-00.oracleGeneral,s3fifo,8,19,0.9929
cache-t-00.oracleGeneral,s3fifo,16,20,0.9715
cache-t-00.oracleGeneral,s3fifo,32,21,0.9376
cache-t-00.oracleGeneral,s3fifo,64,22,0.8930
cache-t-00.oracleGeneral,s3fifo,128,23,
cache-t-00.oracleGeneral,s3fifo,256,24,
cache-t-00.oracleGeneral,s3fifo,512,25,0.7750
cache-t-00.oracleGeneral,s3fifo,1024,26,0.7066
cache-t-00.oracleGeneral,s3fifo,2048,27,
cache-t-00.oracleGeneral,s3fifo,4096,28,0.5348
cache-t-00.oracleGeneral,s3fifo,8192,29,0.4466
cluster26.oracleGeneral,lruforgive,4,18,
cluster26.oracleGeneral,lruforgive,8,19,0.9998
cluster26.oracleGeneral,lruforgive,16,20,0.6029
cluster26.oracleGeneral,lruforgive,32,21,0.3869
cluster26.oracleGeneral,lruforgive,64,22,0.0904
cluster26.oracleGeneral,lruforgive,128,23,0.0789
cluster26.oracleGeneral,lruforgive,256,24,0.0781
cluster26.oracleGeneral,lruforgive,512,25,0.0781
cluster26.oracleGeneral,lruforgive,1024,26,0.0780
cluster26.oracleGeneral,lruforgive,2048,27,0.0780
cluster26.oracleGeneral,lruforgive,4096,28,0.0780
cluster26.oracleGeneral,lruforgive,8192,29,0.0780
cluster10.oracleGeneral,lruforgive,4,18,
cluster10.oracleGeneral,lruforgive,8,19,0.4999
cluster10.oracleGeneral,lruforgive,16,20,0.4999
cluster10.oracleGeneral,lruforgive,32,21,0.4999
cluster10.oracleGeneral,lruforgive,64,22,0.4998
cluster10.oracleGeneral,lruforgive,128,23,0.4997
cluster10.oracleGeneral,lruforgive,256,24,0.4995
cluster10.oracleGeneral,lruforgive,512,25,0.4991
cluster10.oracleGeneral,lruforgive,1024,26,0.4984
cluster10.oracleGeneral,lruforgive,2048,27,0.4972
cluster10.oracleGeneral,lruforgive,4096,28,0.4959
cluster10.oracleGeneral,lruforgive,8192,29,0.4959
cluster50.oracleGeneral,lruforgive,4,18,
cluster50.oracleGeneral,lruforgive,8,19,0.5493
cluster50.oracleGeneral,lruforgive,16,20,0.5370
cluster50.oracleGeneral,lruforgive,32,21,0.5178
cluster50.oracleGeneral,lruforgive,64,22,0.4910
cluster50.oracleGeneral,lruforgive,128,23,0.4717
cluster50.oracleGeneral,lruforgive,256,24,0.4575
cluster50.oracleGeneral,lruforgive,512,25,0.4401
cluster50.oracleGeneral,lruforgive,1024,26,0.4163
cluster50.oracleGeneral,lruforgive,2048,27,0.3745
cluster50.oracleGeneral,lruforgive,4096,28,0.2874
cluster50.oracleGeneral,lruforgive,8192,29,0.1619
cluster53.oracleGeneral,lruforgive,4,18,
cluster53.oracleGeneral,lruforgive,8,19,0.9964
cluster53.oracleGeneral,lruforgive,16,20,0.6444
cluster53.oracleGeneral,lruforgive,32,21,0.5271
cluster53.oracleGeneral,lruforgive,64,22,0.4461
cluster53.oracleGeneral,lruforgive,128,23,0.2426
cluster53.oracleGeneral,lruforgive,256,24,0.1598
cluster53.oracleGeneral,lruforgive,512,25,0.1313
cluster53.oracleGeneral,lruforgive,1024,26,0.1172
cluster53.oracleGeneral,lruforgive,2048,27,0.0775
cluster53.oracleGeneral,lruforgive,4096,28,0.0577
cluster53.oracleGeneral,lruforgive,8192,29,0.0385
cluster45.oracleGeneral,lruforgive,4,18,
cluster45.oracleGeneral,lruforgive,8,19,0.6863
cluster45.oracleGeneral,lruforgive,16,20,0.5799
cluster45.oracleGeneral,lruforgive,32,21,0.4827
cluster45.oracleGeneral,lruforgive,64,22,0.4823
cluster45.oracleGeneral,lruforgive,128,23,0.4301
cluster45.oracleGeneral,lruforgive,256,24,0.4044
cluster45.oracleGeneral,lruforgive,512,25,0.3852
cluster45.oracleGeneral,lruforgive,1024,26,0.3638
cluster45.oracleGeneral,lruforgive,2048,27,0.3354
cluster45.oracleGeneral,lruforgive,4096,28,0.2996
cluster45.oracleGeneral,lruforgive,8192,29,0.2854
msr_proj_0.oracleGeneral,lruforgive,4,18,
msr_proj_0.oracleGeneral,lruforgive,8,19,0.8192
msr_proj_0.oracleGeneral,lruforgive,16,20,0.7660
msr_proj_0.oracleGeneral,lruforgive,32,21,0.7023
msr_proj_0.oracleGeneral,lruforgive,64,22,0.6569
msr_proj_0.oracleGeneral,lruforgive,128,23,0.6200
msr_proj_0.oracleGeneral,lruforgive,256,24,0.4442
msr_proj_0.oracleGeneral,lruforgive,512,25,0.3391
msr_proj_0.oracleGeneral,lruforgive,1024,26,0.2768
msr_proj_0.oracleGeneral,lruforgive,2048,27,0.1668
msr_proj_0.oracleGeneral,lruforgive,4096,28,0.0994
msr_proj_0.oracleGeneral,lruforgive,8192,29,0.0723
202206_kv_traces_all.csv.oracleGeneral,lruforgive,4,18,
202206_kv_traces_all.csv.oracleGeneral,lruforgive,8,19,0.9428
202206_kv_traces_all.csv.oracleGeneral,lruforgive,16,20,0.5377
202206_kv_traces_all.csv.oracleGeneral,lruforgive,32,21,0.3547
202206_kv_traces_all.csv.oracleGeneral,lruforgive,64,22,0.2482
202206_kv_traces_all.csv.oracleGeneral,lruforgive,128,23,0.2006
202206_kv_traces_all.csv.oracleGeneral,lruforgive,256,24,0.1631
202206_kv_traces_all.csv.oracleGeneral,lruforgive,512,25,0.1296
202206_kv_traces_all.csv.oracleGeneral,lruforgive,1024,26,0.1036
202206_kv_traces_all.csv.oracleGeneral,lruforgive,2048,27,0.0834
202206_kv_traces_all.csv.oracleGeneral,lruforgive,4096,28,0.0671
202206_kv_traces_all.csv.oracleGeneral,lruforgive,8192,29,0.0552
202210_kv_traces_all_sort.csv.oracleGeneral,lruforgive,4,18,
202210_kv_traces_all_sort.csv.oracleGeneral,lruforgive,8,19,0.8910
202210_kv_traces_all_sort.csv.oracleGeneral,lruforgive,16,20,0.4954
202210_kv_traces_all_sort.csv.oracleGeneral,lruforgive,32,21,0.3504
202210_kv_traces_all_sort.csv.oracleGeneral,lruforgive,64,22,0.2399
202210_kv_traces_all_sort.csv.oracleGeneral,lruforgive,128,23,0.1592
202210_kv_traces_all_sort.csv.oracleGeneral,lruforgive,256,24,0.1371
202210_kv_traces_all_sort.csv.oracleGeneral,lruforgive,512,25,0.1173
202210_kv_traces_all_sort.csv.oracleGeneral,lruforgive,1024,26,0.0960
202210_kv_traces_all_sort.csv.oracleGeneral,lruforgive,2048,27,0.0780
202210_kv_traces_all_sort.csv.oracleGeneral,lruforgive,4096,28,0.0647
202210_kv_traces_all_sort.csv.oracleGeneral,lruforgive,8192,29,0.0543
cache-t-00.oracleGeneral,lruforgive,4,18,
cache-t-00.oracleGeneral,lruforgive,8,19,0.9930
cache-t-00.oracleGeneral,lruforgive,16,20,0.9747
cache-t-00.oracleGeneral,lruforgive,32,21,0.9386
cache-t-00.oracleGeneral,lruforgive,64,22,0.8903
cache-t-00.oracleGeneral,lruforgive,128,23,0.8833
cache-t-00.oracleGeneral,lruforgive,256,24,0.8330
cache-t-00.oracleGeneral,lruforgive,512,25,0.7763
cache-t-00.oracleGeneral,lruforgive,1024,26,0.7165
cache-t-00.oracleGeneral,lruforgive,2048,27,0.6567
cache-t-00.oracleGeneral,lruforgive,4096,28,0.5861
cache-t-00.oracleGeneral,lruforgive,8192,29,0.5009
msr_proj_1.oracleGeneral,lru,8,19,0.9998
msr_proj_1.oracleGeneral,lru,16,20,0.9691
msr_proj_1.oracleGeneral,lru,32,21,0.9674
msr_proj_1.oracleGeneral,lru,64,22,0.9655
msr_proj_1.oracleGeneral,lru,128,23,0.9493
msr_proj_1.oracleGeneral,lru,256,24,0.9294
msr_proj_1.oracleGeneral,lru,512,25,0.9213
msr_proj_1.oracleGeneral,lru,1024,26,0.9174
msr_proj_1.oracleGeneral,lru,2048,27,0.9124
msr_proj_1.oracleGeneral,lru,4096,28,0.8503
msr_proj_1.oracleGeneral,lru,8192,29,0.8401
msr_proj_2.oracleGeneral,lru,8,19,0.9933
msr_proj_2.oracleGeneral,lru,16,20,0.9932
msr_proj_2.oracleGeneral,lru,32,21,0.9925
msr_proj_2.oracleGeneral,lru,64,22,0.9909
msr_proj_2.oracleGeneral,lru,128,23,0.9900
msr_proj_2.oracleGeneral,lru,256,24,0.9898
msr_proj_2.oracleGeneral,lru,512,25,0.9871
msr_proj_2.oracleGeneral,lru,1024,26,0.9864
msr_proj_2.oracleGeneral,lru,2048,27,0.9722
msr_proj_2.oracleGeneral,lru,4096,28,0.9602
msr_proj_2.oracleGeneral,lru,8192,29,0.9560
msr_proj_4.oracleGeneral,lru,8,19,0.9952
msr_proj_4.oracleGeneral,lru,16,20,0.9951
msr_proj_4.oracleGeneral,lru,32,21,0.9948
msr_proj_4.oracleGeneral,lru,64,22,0.9946
msr_proj_4.oracleGeneral,lru,128,23,0.9848
msr_proj_4.oracleGeneral,lru,256,24,0.9659
msr_proj_4.oracleGeneral,lru,512,25,0.9385
msr_proj_4.oracleGeneral,lru,1024,26,0.9138
msr_proj_4.oracleGeneral,lru,2048,27,0.7694
msr_proj_4.oracleGeneral,lru,4096,28,0.5523
msr_proj_4.oracleGeneral,lru,8192,29,0.4889
msr_prxy_0.oracleGeneral,lru,8,19,0.2784
msr_prxy_0.oracleGeneral,lru,16,20,0.1858
msr_prxy_0.oracleGeneral,lru,32,21,0.1223
msr_prxy_0.oracleGeneral,lru,64,22,0.0756
msr_prxy_0.oracleGeneral,lru,128,23,0.0636
msr_prxy_0.oracleGeneral,lru,256,24,0.0415
msr_prxy_0.oracleGeneral,lru,512,25,0.0223
msr_prxy_0.oracleGeneral,lru,1024,26,0.0144
msr_prxy_0.oracleGeneral,lru,2048,27,0.0124
msr_prxy_0.oracleGeneral,lru,4096,28,0.0124
msr_prxy_0.oracleGeneral,lru,8192,29,0.0124
msr_prxy_1.oracleGeneral,lru,8,19,0.8626
msr_prxy_1.oracleGeneral,lru,16,20,0.8129
msr_prxy_1.oracleGeneral,lru,32,21,0.6680
msr_prxy_1.oracleGeneral,lru,64,22,0.6457
msr_prxy_1.oracleGeneral,lru,128,23,0.6437
msr_prxy_1.oracleGeneral,lru,256,24,0.2846
msr_prxy_1.oracleGeneral,lru,512,25,0.0032
msr_prxy_1.oracleGeneral,lru,1024,26,0.0028
msr_prxy_1.oracleGeneral,lru,2048,27,0.0027
msr_prxy_1.oracleGeneral,lru,4096,28,0.0025
msr_prxy_1.oracleGeneral,lru,8192,29,0.0023
msr_src1_0.oracleGeneral,lru,8,19,0.9929
msr_src1_0.oracleGeneral,lru,16,20,0.9928
msr_src1_0.oracleGeneral,lru,32,21,0.9925
msr_src1_0.oracleGeneral,lru,64,22,0.9901
msr_src1_0.oracleGeneral,lru,128,23,0.9721
msr_src1_0.oracleGeneral,lru,256,24,0.9600
msr_src1_0.oracleGeneral,lru,512,25,0.9591
msr_src1_0.oracleGeneral,lru,1024,26,0.9585
msr_src1_0.oracleGeneral,lru,2048,27,0.9547
msr_src1_0.oracleGeneral,lru,4096,28,0.9471
msr_src1_0.oracleGeneral,lru,8192,29,0.9411
msr_src1_1.oracleGeneral,lru,8,19,0.9992
msr_src1_1.oracleGeneral,lru,16,20,0.9835
msr_src1_1.oracleGeneral,lru,32,21,0.9823
msr_src1_1.oracleGeneral,lru,64,22,0.9810
msr_src1_1.oracleGeneral,lru,128,23,0.9729
msr_src1_1.oracleGeneral,lru,256,24,0.9658
msr_src1_1.oracleGeneral,lru,512,25,0.9650
msr_src1_1.oracleGeneral,lru,1024,26,0.9461
msr_src1_1.oracleGeneral,lru,2048,27,0.9164
msr_src1_1.oracleGeneral,lru,4096,28,0.9007
msr_src1_1.oracleGeneral,lru,8192,29,0.8714
msr_hm_0.oracleGeneral,lru,8,19,0.8576
msr_hm_0.oracleGeneral,lru,16,20,0.6053
msr_hm_0.oracleGeneral,lru,32,21,0.4806
msr_hm_0.oracleGeneral,lru,64,22,0.4386
msr_hm_0.oracleGeneral,lru,128,23,0.4316
msr_hm_0.oracleGeneral,lru,256,24,0.3507
msr_hm_0.oracleGeneral,lru,512,25,0.3183
msr_hm_0.oracleGeneral,lru,1024,26,0.2690
msr_hm_0.oracleGeneral,lru,2048,27,0.1840
msr_hm_0.oracleGeneral,lru,4096,28,0.1243
msr_hm_0.oracleGeneral,lru,8192,29,0.1100
msr_prn_0.oracleGeneral,lru,8,19,0.7680
msr_prn_0.oracleGeneral,lru,16,20,0.5024
msr_prn_0.oracleGeneral,lru,32,21,0.4125
msr_prn_0.oracleGeneral,lru,64,22,0.3417
msr_prn_0.oracleGeneral,lru,128,23,0.3335
msr_prn_0.oracleGeneral,lru,256,24,0.2956
msr_prn_0.oracleGeneral,lru,512,25,0.2755
msr_prn_0.oracleGeneral,lru,1024,26,0.2599
msr_prn_0.oracleGeneral,lru,2048,27,0.2375
msr_prn_0.oracleGeneral,lru,4096,28,0.1748
msr_prn_0.oracleGeneral,lru,8192,29,0.1369
msr_prn_1.oracleGeneral,lru,8,19,0.9691
msr_prn_1.oracleGeneral,lru,16,20,0.8387
msr_prn_1.oracleGeneral,lru,32,21,0.8147
msr_prn_1.oracleGeneral,lru,64,22,0.8072
msr_prn_1.oracleGeneral,lru,128,23,0.8042
msr_prn_1.oracleGeneral,lru,256,24,0.7404
msr_prn_1.oracleGeneral,lru,512,25,0.6770
msr_prn_1.oracleGeneral,lru,1024,26,0.6233
msr_prn_1.oracleGeneral,lru,2048,27,0.5779
msr_prn_1.oracleGeneral,lru,4096,28,0.4932
msr_prn_1.oracleGeneral,lru,8192,29,0.3036
msr_usr_1.oracleGeneral,lru,8,19,0.9729
msr_usr_1.oracleGeneral,lru,16,20,0.9716
msr_usr_1.oracleGeneral,lru,32,21,0.9702
msr_usr_1.oracleGeneral,lru,64,22,0.9681
msr_usr_1.oracleGeneral,lru,128,23,0.9649
msr_usr_1.oracleGeneral,lru,256,24,0.9196
msr_usr_1.oracleGeneral,lru,512,25,0.9075
msr_usr_1.oracleGeneral,lru,1024,26,0.8279
msr_usr_1.oracleGeneral,lru,2048,27,0.5065
msr_usr_1.oracleGeneral,lru,4096,28,0.4931
msr_usr_1.oracleGeneral,lru,8192,29,0.4783
msr_usr_2.oracleGeneral,lru,8,19,0.9263
msr_usr_2.oracleGeneral,lru,16,20,0.9248
msr_usr_2.oracleGeneral,lru,32,21,0.9086
msr_usr_2.oracleGeneral,lru,64,22,0.8995
msr_usr_2.oracleGeneral,lru,128,23,0.8970
msr_usr_2.oracleGeneral,lru,256,24,0.8576
msr_usr_2.oracleGeneral,lru,512,25,0.8488
msr_usr_2.oracleGeneral,lru,1024,26,0.8465
msr_usr_2.oracleGeneral,lru,2048,27,0.8418
msr_usr_2.oracleGeneral,lru,4096,28,0.8388
msr_usr_2.oracleGeneral,lru,8192,29,0.8067
msr_web_2.oracleGeneral,lru,8,19,0.9963
msr_web_2.oracleGeneral,lru,16,20,0.9962
msr_web_2.oracleGeneral,lru,32,21,0.9958
msr_web_2.oracleGeneral,lru,64,22,0.9955
msr_web_2.oracleGeneral,lru,128,23,0.9954
msr_web_2.oracleGeneral,lru,256,24,0.9954
msr_web_2.oracleGeneral,lru,512,25,0.9951
msr_web_2.oracleGeneral,lru,1024,26,0.9951
msr_web_2.oracleGeneral,lru,2048,27,0.9951
msr_web_2.oracleGeneral,lru,4096,28,0.9951
msr_web_2.oracleGeneral,lru,8192,29,0.9950
msr_proj_1.oracleGeneral,s3fifo,8,19,0.9998
msr_proj_1.oracleGeneral,s3fifo,16,20,0.9821
msr_proj_1.oracleGeneral,s3fifo,32,21,0.9800
msr_proj_1.oracleGeneral,s3fifo,64,22,0.9777
msr_proj_1.oracleGeneral,s3fifo,128,23,0.9711
msr_proj_1.oracleGeneral,s3fifo,256,24,0.9620
msr_proj_1.oracleGeneral,s3fifo,512,25,0.9551
msr_proj_1.oracleGeneral,s3fifo,1024,26,0.9476
msr_proj_1.oracleGeneral,s3fifo,2048,27,0.9362
msr_proj_1.oracleGeneral,s3fifo,4096,28,0.8594
msr_proj_1.oracleGeneral,s3fifo,8192,29,0.8443
msr_proj_2.oracleGeneral,s3fifo,8,19,0.9962
msr_proj_2.oracleGeneral,s3fifo,16,20,0.9962
msr_proj_2.oracleGeneral,s3fifo,32,21,0.9953
msr_proj_2.oracleGeneral,s3fifo,64,22,0.9934
msr_proj_2.oracleGeneral,s3fifo,128,23,0.9927
msr_proj_2.oracleGeneral,s3fifo,256,24,0.9923
msr_proj_2.oracleGeneral,s3fifo,512,25,0.9904
msr_proj_2.oracleGeneral,s3fifo,1024,26,0.9897
msr_proj_2.oracleGeneral,s3fifo,2048,27,0.9849
msr_proj_2.oracleGeneral,s3fifo,4096,28,0.9651
msr_proj_2.oracleGeneral,s3fifo,8192,29,0.9553
msr_proj_4.oracleGeneral,s3fifo,8,19,0.9944
msr_proj_4.oracleGeneral,s3fifo,16,20,0.9943
msr_proj_4.oracleGeneral,s3fifo,32,21,0.9939
msr_proj_4.oracleGeneral,s3fifo,64,22,0.9937
msr_proj_4.oracleGeneral,s3fifo,128,23,0.9789
msr_proj_4.oracleGeneral,s3fifo,256,24,0.9479
msr_proj_4.oracleGeneral,s3fifo,512,25,0.9347
msr_proj_4.oracleGeneral,s3fifo,1024,26,0.8621
msr_proj_4.oracleGeneral,s3fifo,2048,27,0.8371
msr_proj_4.oracleGeneral,s3fifo,4096,28,0.5593
msr_proj_4.oracleGeneral,s3fifo,8192,29,0.4683
msr_prxy_0.oracleGeneral,s3fifo,8,19,0.2785
msr_prxy_0.oracleGeneral,s3fifo,16,20,0.1840
msr_prxy_0.oracleGeneral,s3fifo,32,21,0.1201
msr_prxy_0.oracleGeneral,s3fifo,64,22,0.0727
msr_prxy_0.oracleGeneral,s3fifo,128,23,
msr_prxy_0.oracleGeneral,s3fifo,256,24,0.0402
msr_prxy_0.oracleGeneral,s3fifo,512,25,0.0216
msr_prxy_0.oracleGeneral,s3fifo,1024,26,0.0145
msr_prxy_0.oracleGeneral,s3fifo,2048,27,0.0125
msr_prxy_0.oracleGeneral,s3fifo,4096,28,0.0124
msr_prxy_0.oracleGeneral,s3fifo,8192,29,0.0124
msr_prxy_1.oracleGeneral,s3fifo,8,19,0.8467
msr_prxy_1.oracleGeneral,s3fifo,16,20,0.7980
msr_prxy_1.oracleGeneral,s3fifo,32,21,0.6298
msr_prxy_1.oracleGeneral,s3fifo,64,22,0.6075
msr_prxy_1.oracleGeneral,s3fifo,128,23,0.5796
msr_prxy_1.oracleGeneral,s3fifo,256,24,0.1621
msr_prxy_1.oracleGeneral,s3fifo,512,25,0.0028
msr_prxy_1.oracleGeneral,s3fifo,1024,26,0.0026
msr_prxy_1.oracleGeneral,s3fifo,2048,27,0.0025
msr_prxy_1.oracleGeneral,s3fifo,4096,28,0.0024
msr_prxy_1.oracleGeneral,s3fifo,8192,29,0.0023
msr_src1_0.oracleGeneral,s3fifo,8,19,0.9963
msr_src1_0.oracleGeneral,s3fifo,16,20,0.9962
msr_src1_0.oracleGeneral,s3fifo,32,21,0.9958
msr_src1_0.oracleGeneral,s3fifo,64,22,0.9922
msr_src1_0.oracleGeneral,s3fifo,128,23,
msr_src1_0.oracleGeneral,s3fifo,256,24,0.9658
msr_src1_0.oracleGeneral,s3fifo,512,25,0.9640
msr_src1_0.oracleGeneral,s3fifo,1024,26,0.9622
msr_src1_0.oracleGeneral,s3fifo,2048,27,0.9558
msr_src1_0.oracleGeneral,s3fifo,4096,28,0.9405
msr_src1_0.oracleGeneral,s3fifo,8192,29,0.9186
msr_src1_1.oracleGeneral,s3fifo,8,19,0.9999
msr_src1_1.oracleGeneral,s3fifo,16,20,0.9919
msr_src1_1.oracleGeneral,s3fifo,32,21,0.9907
msr_src1_1.oracleGeneral,s3fifo,64,22,0.9886
msr_src1_1.oracleGeneral,s3fifo,128,23,0.9850
msr_src1_1.oracleGeneral,s3fifo,256,24,0.9808
msr_src1_1.oracleGeneral,s3fifo,512,25,0.9793
msr_src1_1.oracleGeneral,s3fifo,1024,26,0.9539
msr_src1_1.oracleGeneral,s3fifo,2048,27,0.9291
msr_src1_1.oracleGeneral,s3fifo,4096,28,0.9114
msr_src1_1.oracleGeneral,s3fifo,8192,29,0.8701
msr_hm_0.oracleGeneral,s3fifo,8,19,0.8551
msr_hm_0.oracleGeneral,s3fifo,16,20,0.5854
msr_hm_0.oracleGeneral,s3fifo,32,21,0.4579
msr_hm_0.oracleGeneral,s3fifo,64,22,0.4142
msr_hm_0.oracleGeneral,s3fifo,128,23,0.4046
msr_hm_0.oracleGeneral,s3fifo,256,24,0.3245
msr_hm_0.oracleGeneral,s3fifo,512,25,0.2932
msr_hm_0.oracleGeneral,s3fifo,1024,26,0.2471
msr_hm_0.oracleGeneral,s3fifo,2048,27,0.1781
msr_hm_0.oracleGeneral,s3fifo,4096,28,0.1219
msr_hm_0.oracleGeneral,s3fifo,8192,29,0.1100
msr_prn_0.oracleGeneral,s3fifo,8,19,0.7706
msr_prn_0.oracleGeneral,s3fifo,16,20,0.5045
msr_prn_0.oracleGeneral,s3fifo,32,21,0.4139
msr_prn_0.oracleGeneral,s3fifo,64,22,0.3415
msr_prn_0.oracleGeneral,s3fifo,128,23,
msr_prn_0.oracleGeneral,s3fifo,256,24,0.2806
msr_prn_0.oracleGeneral,s3fifo,512,25,0.2649
msr_prn_0.oracleGeneral,s3fifo,1024,26,0.2460
msr_prn_0.oracleGeneral,s3fifo,2048,27,0.2172
msr_prn_0.oracleGeneral,s3fifo,4096,28,0.1536
msr_prn_0.oracleGeneral,s3fifo,8192,29,0.1309
msr_prn_1.oracleGeneral,s3fifo,8,19,0.9703
msr_prn_1.oracleGeneral,s3fifo,16,20,0.8775
msr_prn_1.oracleGeneral,s3fifo,32,21,0.8525
msr_prn_1.oracleGeneral,s3fifo,64,22,0.8431
msr_prn_1.oracleGeneral,s3fifo,128,23,
msr_prn_1.oracleGeneral,s3fifo,256,24,0.7509
msr_prn_1.oracleGeneral,s3fifo,512,25,0.6374
msr_prn_1.oracleGeneral,s3fifo,1024,26,0.5873
msr_prn_1.oracleGeneral,s3fifo,2048,27,0.5544
msr_prn_1.oracleGeneral,s3fifo,4096,28,0.4380
msr_prn_1.oracleGeneral,s3fifo,8192,29,0.2478
msr_usr_1.oracleGeneral,s3fifo,8,19,0.9761
msr_usr_1.oracleGeneral,s3fifo,16,20,0.9747
msr_usr_1.oracleGeneral,s3fifo,32,21,0.9730
msr_usr_1.oracleGeneral,s3fifo,64,22,0.9705
msr_usr_1.oracleGeneral,s3fifo,128,23,0.9673
msr_usr_1.oracleGeneral,s3fifo,256,24,0.9246
msr_usr_1.oracleGeneral,s3fifo,512,25,0.8990
msr_usr_1.oracleGeneral,s3fifo,1024,26,0.8406
msr_usr_1.oracleGeneral,s3fifo,2048,27,0.4986
msr_usr_1.oracleGeneral,s3fifo,4096,28,0.4772
msr_usr_1.oracleGeneral,s3fifo,8192,29,0.4526
msr_usr_2.oracleGeneral,s3fifo,8,19,0.9193
msr_usr_2.oracleGeneral,s3fifo,16,20,0.9176
msr_usr_2.oracleGeneral,s3fifo,32,21,0.9001
msr_usr_2.oracleGeneral,s3fifo,64,22,0.8890
msr_usr_2.oracleGeneral,s3fifo,128,23,0.8874
msr_usr_2.oracleGeneral,s3fifo,256,24,0.8569
msr_usr_2.oracleGeneral,s3fifo,512,25,0.8495
msr_usr_2.oracleGeneral,s3fifo,1024,26,0.8438
msr_usr_2.oracleGeneral,s3fifo,2048,27,0.8399
msr_usr_2.oracleGeneral,s3fifo,4096,28,0.8345
msr_usr_2.oracleGeneral,s3fifo,8192,29,0.7779
msr_web_2.oracleGeneral,s3fifo,8,19,0.9961
msr_web_2.oracleGeneral,s3fifo,16,20,0.9960
msr_web_2.oracleGeneral,s3fifo,32,21,0.9955
msr_web_2.oracleGeneral,s3fifo,64,22,0.9950
msr_web_2.oracleGeneral,s3fifo,128,23,0.9949
msr_web_2.oracleGeneral,s3fifo,256,24,0.9949
msr_web_2.oracleGeneral,s3fifo,512,25,0.9946
msr_web_2.oracleGeneral,s3fifo,1024,26,0.9946
msr_web_2.oracleGeneral,s3fifo,2048,27,0.9946
msr_web_2.oracleGeneral,s3fifo,4096,28,0.9945
msr_web_2.oracleGeneral,s3fifo,8192,29,0.9944
msr_proj_1.oracleGeneral,lruforgive,8,19,0.9998
msr_proj_1.oracleGeneral,lruforgive,16,20,0.9684
msr_proj_1.oracleGeneral,lruforgive,32,21,0.9665
msr_proj_1.oracleGeneral,lruforgive,64,22,0.9642
msr_proj_1.oracleGeneral,lruforgive,128,23,0.9481
msr_proj_1.oracleGeneral,lruforgive,256,24,0.9281
msr_proj_1.oracleGeneral,lruforgive,512,25,0.9200
msr_proj_1.oracleGeneral,lruforgive,1024,26,0.9161
msr_proj_2.oracleGeneral,lruforgive,8,19,0.9931
msr_proj_2.oracleGeneral,lruforgive,16,20,0.9930
msr_proj_2.oracleGeneral,lruforgive,32,21,0.9922
msr_proj_2.oracleGeneral,lruforgive,64,22,0.9906
msr_proj_2.oracleGeneral,lruforgive,128,23,0.9895
msr_proj_2.oracleGeneral,lruforgive,256,24,0.9893
msr_proj_2.oracleGeneral,lruforgive,512,25,0.9867
msr_proj_2.oracleGeneral,lruforgive,1024,26,0.9861
msr_proj_4.oracleGeneral,lruforgive,8,19,0.9947
msr_proj_4.oracleGeneral,lruforgive,16,20,0.9946
msr_proj_4.oracleGeneral,lruforgive,32,21,0.9942
msr_proj_4.oracleGeneral,lruforgive,64,22,0.9940
msr_proj_4.oracleGeneral,lruforgive,128,23,0.9832
msr_proj_4.oracleGeneral,lruforgive,256,24,0.9659
msr_proj_4.oracleGeneral,lruforgive,512,25,0.9383
msr_proj_4.oracleGeneral,lruforgive,1024,26,0.9131
msr_prxy_0.oracleGeneral,lruforgive,8,19,0.2784
msr_prxy_0.oracleGeneral,lruforgive,16,20,0.1843
msr_prxy_0.oracleGeneral,lruforgive,32,21,0.1203
msr_prxy_0.oracleGeneral,lruforgive,64,22,0.0732
msr_prxy_0.oracleGeneral,lruforgive,128,23,0.0625
msr_prxy_0.oracleGeneral,lruforgive,256,24,0.0408
msr_prxy_0.oracleGeneral,lruforgive,512,25,0.0216
msr_prxy_0.oracleGeneral,lruforgive,1024,26,0.0144
msr_prxy_1.oracleGeneral,lruforgive,8,19,0.8384
msr_prxy_1.oracleGeneral,lruforgive,16,20,0.7875
msr_prxy_1.oracleGeneral,lruforgive,32,21,0.6379
msr_prxy_1.oracleGeneral,lruforgive,64,22,0.6156
msr_prxy_1.oracleGeneral,lruforgive,128,23,0.6129
msr_prxy_1.oracleGeneral,lruforgive,256,24,0.1606
msr_prxy_1.oracleGeneral,lruforgive,512,25,0.0030
msr_prxy_1.oracleGeneral,lruforgive,1024,26,0.0028
msr_src1_0.oracleGeneral,lruforgive,8,19,0.9927
msr_src1_0.oracleGeneral,lruforgive,16,20,0.9926
msr_src1_0.oracleGeneral,lruforgive,32,21,0.9923
msr_src1_0.oracleGeneral,lruforgive,64,22,0.9898
msr_src1_0.oracleGeneral,lruforgive,128,23,0.9713
msr_src1_0.oracleGeneral,lruforgive,256,24,0.9592
msr_src1_0.oracleGeneral,lruforgive,512,25,0.9579
msr_src1_0.oracleGeneral,lruforgive,1024,26,0.9573
msr_src1_1.oracleGeneral,lruforgive,8,19,0.9996
msr_src1_1.oracleGeneral,lruforgive,16,20,0.9837
msr_src1_1.oracleGeneral,lruforgive,32,21,0.9821
msr_src1_1.oracleGeneral,lruforgive,64,22,0.9806
msr_src1_1.oracleGeneral,lruforgive,128,23,0.9720
msr_src1_1.oracleGeneral,lruforgive,256,24,0.9648
msr_src1_1.oracleGeneral,lruforgive,512,25,0.9643
msr_src1_1.oracleGeneral,lruforgive,1024,26,0.9444
msr_hm_0.oracleGeneral,lruforgive,8,19,0.8576
msr_hm_0.oracleGeneral,lruforgive,16,20,0.5973
msr_hm_0.oracleGeneral,lruforgive,32,21,0.4704
msr_hm_0.oracleGeneral,lruforgive,64,22,0.4269
msr_hm_0.oracleGeneral,lruforgive,128,23,0.4193
msr_hm_0.oracleGeneral,lruforgive,256,24,0.3475
msr_hm_0.oracleGeneral,lruforgive,512,25,0.3164
msr_hm_0.oracleGeneral,lruforgive,1024,26,0.2680
msr_prn_0.oracleGeneral,lruforgive,8,19,0.7667
msr_prn_0.oracleGeneral,lruforgive,16,20,0.5013
msr_prn_0.oracleGeneral,lruforgive,32,21,0.4110
msr_prn_0.oracleGeneral,lruforgive,64,22,0.3400
msr_prn_0.oracleGeneral,lruforgive,128,23,0.3310
msr_prn_0.oracleGeneral,lruforgive,256,24,0.2921
msr_prn_0.oracleGeneral,lruforgive,512,25,0.2734
msr_prn_0.oracleGeneral,lruforgive,1024,26,0.2581
msr_prn_1.oracleGeneral,lruforgive,8,19,0.9691
msr_prn_1.oracleGeneral,lruforgive,16,20,0.8386
msr_prn_1.oracleGeneral,lruforgive,32,21,0.8134
msr_prn_1.oracleGeneral,lruforgive,64,22,0.8055
msr_prn_1.oracleGeneral,lruforgive,128,23,0.8037
msr_prn_1.oracleGeneral,lruforgive,256,24,0.7338
msr_prn_1.oracleGeneral,lruforgive,512,25,0.6702
msr_prn_1.oracleGeneral,lruforgive,1024,26,0.6121
msr_usr_1.oracleGeneral,lruforgive,8,19,0.9719
msr_usr_1.oracleGeneral,lruforgive,16,20,0.9702
msr_usr_1.oracleGeneral,lruforgive,32,21,0.9681
msr_usr_1.oracleGeneral,lruforgive,64,22,0.9653
msr_usr_1.oracleGeneral,lruforgive,128,23,0.9592
msr_usr_1.oracleGeneral,lruforgive,256,24,0.9182
msr_usr_1.oracleGeneral,lruforgive,512,25,0.8989
msr_usr_1.oracleGeneral,lruforgive,1024,26,0.8290
msr_usr_2.oracleGeneral,lruforgive,8,19,0.9230
msr_usr_2.oracleGeneral,lruforgive,16,20,0.9160
msr_usr_2.oracleGeneral,lruforgive,32,21,0.8983
msr_usr_2.oracleGeneral,lruforgive,64,22,0.8870
msr_usr_2.oracleGeneral,lruforgive,128,23,0.8852
msr_usr_2.oracleGeneral,lruforgive,256,24,0.8538
msr_usr_2.oracleGeneral,lruforgive,512,25,0.8465
msr_usr_2.oracleGeneral,lruforgive,1024,26,0.8444
msr_web_2.oracleGeneral,lruforgive,8,19,0.9963
msr_web_2.oracleGeneral,lruforgive,16,20,0.9961
msr_web_2.oracleGeneral,lruforgive,32,21,0.9957
msr_web_2.oracleGeneral,lruforgive,64,22,0.9954
msr_web_2.oracleGeneral,lruforgive,128,23,0.9953
msr_web_2.oracleGeneral,lruforgive,256,24,0.9953
msr_web_2.oracleGeneral,lruforgive,512,25,0.9951
msr_web_2.oracleGeneral,lruforgive,1024,26,0.9951
2016_LUN0.oracleGeneral,lru,8,19,0.9990
2016_LUN0.oracleGeneral,lru,16,20,0.9921
2016_LUN0.oracleGeneral,lru,32,21,0.9335
2016_LUN0.oracleGeneral,lru,64,22,0.9060
2016_LUN0.oracleGeneral,lru,128,23,0.8723
2016_LUN0.oracleGeneral,lru,256,24,0.8592
2016_LUN0.oracleGeneral,lru,512,25,0.8350
2016_LUN0.oracleGeneral,lru,1024,26,0.8208
2016_LUN0.oracleGeneral,lru,2048,27,
2016_LUN0.oracleGeneral,lru,4096,28,
2016_LUN0.oracleGeneral,lru,8192,29,
2016_LUN0.oracleGeneral,s3fifo,8,19,0.9982
2016_LUN0.oracleGeneral,s3fifo,16,20,0.9847
2016_LUN0.oracleGeneral,s3fifo,32,21,0.8957
2016_LUN0.oracleGeneral,s3fifo,64,22,0.8619
2016_LUN0.oracleGeneral,s3fifo,128,23,
2016_LUN0.oracleGeneral,s3fifo,256,24,0.8118
2016_LUN0.oracleGeneral,s3fifo,512,25,0.7942
2016_LUN0.oracleGeneral,s3fifo,1024,26,0.7838
2016_LUN0.oracleGeneral,s3fifo,2048,27,0.7502
2016_LUN0.oracleGeneral,s3fifo,4096,28,0.7273
2016_LUN0.oracleGeneral,s3fifo,8192,29,
2016_LUN1.oracleGeneral,lru,8,19,0.9796
2016_LUN1.oracleGeneral,lru,16,20,0.9300
2016_LUN1.oracleGeneral,lru,32,21,0.9187
2016_LUN1.oracleGeneral,lru,64,22,0.8882
2016_LUN1.oracleGeneral,lru,128,23,0.8851
2016_LUN1.oracleGeneral,lru,256,24,0.8265
2016_LUN1.oracleGeneral,lru,512,25,0.8149
2016_LUN1.oracleGeneral,lru,1024,26,0.8129
2016_LUN1.oracleGeneral,lru,2048,27,0.7767
2016_LUN1.oracleGeneral,lru,4096,28,
2016_LUN1.oracleGeneral,lru,8192,29,
2016_LUN1.oracleGeneral,s3fifo,8,19,0.9807
2016_LUN1.oracleGeneral,s3fifo,16,20,0.8951
2016_LUN1.oracleGeneral,s3fifo,32,21,0.8805
2016_LUN1.oracleGeneral,s3fifo,64,22,0.8506
2016_LUN1.oracleGeneral,s3fifo,128,23,0.8405
2016_LUN1.oracleGeneral,s3fifo,256,24,
2016_LUN1.oracleGeneral,s3fifo,512,25,
2016_LUN1.oracleGeneral,s3fifo,1024,26,
2016_LUN1.oracleGeneral,s3fifo,2048,27,
2016_LUN1.oracleGeneral,s3fifo,4096,28,
2016_LUN1.oracleGeneral,s3fifo,8192,29,
2016_LUN2.oracleGeneral,lru,8,19,0.9992
2016_LUN2.oracleGeneral,lru,16,20,0.8974
2016_LUN2.oracleGeneral,lru,32,21,0.8806
2016_LUN2.oracleGeneral,lru,64,22,0.8463
2016_LUN2.oracleGeneral,lru,128,23,0.8399
2016_LUN2.oracleGeneral,lru,256,24,
2016_LUN2.oracleGeneral,lru,512,25,
2016_LUN2.oracleGeneral,lru,1024,26,
2016_LUN2.oracleGeneral,lru,2048,27,
2016_LUN2.oracleGeneral,lru,4096,28,
2016_LUN2.oracleGeneral,lru,8192,29,
2016_LUN2.oracleGeneral,s3fifo,8,19,0.9986
2016_LUN2.oracleGeneral,s3fifo,16,20,0.8656
2016_LUN2.oracleGeneral,s3fifo,32,21,0.8481
2016_LUN2.oracleGeneral,s3fifo,64,22,0.8144
2016_LUN2.oracleGeneral,s3fifo,128,23,0.8077
2016_LUN2.oracleGeneral,s3fifo,256,24,
2016_LUN2.oracleGeneral,s3fifo,512,25,
2016_LUN2.oracleGeneral,s3fifo,1024,26,
2016_LUN2.oracleGeneral,s3fifo,2048,27,
2016_LUN2.oracleGeneral,s3fifo,4096,28,
2016_LUN2.oracleGeneral,s3fifo,8192,29,
2016_LUN3.oracleGeneral,lru,8,19,0.9990
2016_LUN3.oracleGeneral,lru,16,20,0.9497
2016_LUN3.oracleGeneral,lru,32,21,0.9232
2016_LUN3.oracleGeneral,lru,64,22,0.9068
2016_LUN3.oracleGeneral,lru,128,23,0.9042
2016_LUN3.oracleGeneral,lru,256,24,
2016_LUN3.oracleGeneral,lru,512,25,
2016_LUN3.oracleGeneral,lru,1024,26,
2016_LUN3.oracleGeneral,lru,2048,27,
2016_LUN3.oracleGeneral,lru,4096,28,
2016_LUN3.oracleGeneral,lru,8192,29,
2016_LUN3.oracleGeneral,s3fifo,8,19,0.9985
2016_LUN3.oracleGeneral,s3fifo,16,20,0.9211
2016_LUN3.oracleGeneral,s3fifo,32,21,0.8951
2016_LUN3.oracleGeneral,s3fifo,64,22,0.8758
2016_LUN3.oracleGeneral,s3fifo,128,23,
2016_LUN3.oracleGeneral,s3fifo,256,24,0.8353
2016_LUN3.oracleGeneral,s3fifo,512,25,0.8193
2016_LUN3.oracleGeneral,s3fifo,1024,26,0.8092
2016_LUN3.oracleGeneral,s3fifo,2048,27,
2016_LUN3.oracleGeneral,s3fifo,4096,28,
2016_LUN3.oracleGeneral,s3fifo,8192,29,
