wiki	https://ftp.pdl.cmu.edu/pub/datasets/twemcacheWorkload/cacheDatasets/wiki/wiki_2016u.oracleGeneral.zst
wiki	https://ftp.pdl.cmu.edu/pub/datasets/twemcacheWorkload/cacheDatasets/wiki/wiki_2019t.oracleGeneral.zst
wiki	https://ftp.pdl.cmu.edu/pub/datasets/twemcacheWorkload/cacheDatasets/wiki/wiki_2019u.oracleGeneral.zst
metaCDN	https://ftp.pdl.cmu.edu/pub/datasets/twemcacheWorkload/cacheDatasets/metaCDN/meta_reag.oracleGeneral.zst
metaCDN	https://ftp.pdl.cmu.edu/pub/datasets/twemcacheWorkload/cacheDatasets/metaCDN/meta_rnha.oracleGeneral.zst
metaCDN	https://ftp.pdl.cmu.edu/pub/datasets/twemcacheWorkload/cacheDatasets/metaCDN/meta_rprn.oracleGeneral.zst
metaKV	https://ftp.pdl.cmu.edu/pub/datasets/twemcacheWorkload/cacheDatasets/metaKV/202206_kv_traces_all.csv.oracleGeneral.zst
metaKV	https://ftp.pdl.cmu.edu/pub/datasets/twemcacheWorkload/cacheDatasets/metaKV/202210_kv_traces_all_sort.csv.oracleGeneral.zst
metaKV	https://ftp.pdl.cmu.edu/pub/datasets/twemcacheWorkload/cacheDatasets/metaKV/202312_kv_traces_all.csv.oracleGeneral.zst
metaKV	https://ftp.pdl.cmu.edu/pub/datasets/twemcacheWorkload/cacheDatasets/metaKV/202401_kv_traces_all_sort.csv.oracleGeneral.zst
twitter	https://ftp.pdl.cmu.edu/pub/datasets/twemcacheWorkload/cacheDatasets/twitter/cluster1.oracleGeneral.zst
twitter	https://ftp.pdl.cmu.edu/pub/datasets/twemcacheWorkload/cacheDatasets/twitter/cluster10.oracleGeneral.zst
twitter	https://ftp.pdl.cmu.edu/pub/datasets/twemcacheWorkload/cacheDatasets/twitter/cluster11.oracleGeneral.zst
twitter	https://ftp.pdl.cmu.edu/pub/datasets/twemcacheWorkload/cacheDatasets/twitter/cluster12.oracleGeneral.zst
twitter	https://ftp.pdl.cmu.edu/pub/datasets/twemcacheWorkload/cacheDatasets/twitter/cluster13.oracleGeneral.zst
twitter	https://ftp.pdl.cmu.edu/pub/datasets/twemcacheWorkload/cacheDatasets/twitter/cluster14.oracleGeneral.zst
twitter	https://ftp.pdl.cmu.edu/pub/datasets/twemcacheWorkload/cacheDatasets/twitter/cluster15.oracleGeneral.zst
twitter	https://ftp.pdl.cmu.edu/pub/datasets/twemcacheWorkload/cacheDatasets/twitter/cluster16.oracleGeneral.zst
twitter	https://ftp.pdl.cmu.edu/pub/datasets/twemcacheWorkload/cacheDatasets/twitter/cluster17.oracleGeneral.zst
twitter	https://ftp.pdl.cmu.edu/pub/datasets/twemcacheWorkload/cacheDatasets/twitter/cluster18.oracleGeneral.zst
twitter	https://ftp.pdl.cmu.edu/pub/datasets/twemcacheWorkload/cacheDatasets/twitter/cluster19.oracleGeneral.zst
twitter	https://ftp.pdl.cmu.edu/pub/datasets/twemcacheWorkload/cacheDatasets/twitter/cluster2.oracleGeneral.zst
twitter	https://ftp.pdl.cmu.edu/pub/datasets/twemcacheWorkload/cacheDatasets/twitter/cluster20.oracleGeneral.zst
twitter	https://ftp.pdl.cmu.edu/pub/datasets/twemcacheWorkload/cacheDatasets/twitter/cluster21.oracleGeneral.zst
twitter	https://ftp.pdl.cmu.edu/pub/datasets/twemcacheWorkload/cacheDatasets/twitter/cluster22.oracleGeneral.zst
twitter	https://ftp.pdl.cmu.edu/pub/datasets/twemcacheWorkload/cacheDatasets/twitter/cluster23.oracleGeneral.zst
twitter	https://ftp.pdl.cmu.edu/pub/datasets/twemcacheWorkload/cacheDatasets/twitter/cluster24.oracleGeneral.zst
twitter	https://ftp.pdl.cmu.edu/pub/datasets/twemcacheWorkload/cacheDatasets/twitter/cluster25.oracleGeneral.zst
twitter	https://ftp.pdl.cmu.edu/pub/datasets/twemcacheWorkload/cacheDatasets/twitter/cluster26.oracleGeneral.zst
twitter	https://ftp.pdl.cmu.edu/pub/datasets/twemcacheWorkload/cacheDatasets/twitter/cluster27.oracleGeneral.zst
twitter	https://ftp.pdl.cmu.edu/pub/datasets/twemcacheWorkload/cacheDatasets/twitter/cluster28.oracleGeneral.zst
twitter	https://ftp.pdl.cmu.edu/pub/datasets/twemcacheWorkload/cacheDatasets/twitter/cluster29.oracleGeneral.zst
twitter	https://ftp.pdl.cmu.edu/pub/datasets/twemcacheWorkload/cacheDatasets/twitter/cluster3.oracleGeneral.zst
twitter	https://ftp.pdl.cmu.edu/pub/datasets/twemcacheWorkload/cacheDatasets/twitter/cluster30.oracleGeneral.zst
twitter	https://ftp.pdl.cmu.edu/pub/datasets/twemcacheWorkload/cacheDatasets/twitter/cluster31.oracleGeneral.zst
twitter	https://ftp.pdl.cmu.edu/pub/datasets/twemcacheWorkload/cacheDatasets/twitter/cluster32.oracleGeneral.zst
twitter	https://ftp.pdl.cmu.edu/pub/datasets/twemcacheWorkload/cacheDatasets/twitter/cluster33.oracleGeneral.zst
twitter	https://ftp.pdl.cmu.edu/pub/datasets/twemcacheWorkload/cacheDatasets/twitter/cluster34.oracleGeneral.zst
twitter	https://ftp.pdl.cmu.edu/pub/datasets/twemcacheWorkload/cacheDatasets/twitter/cluster35.oracleGeneral.zst
twitter	https://ftp.pdl.cmu.edu/pub/datasets/twemcacheWorkload/cacheDatasets/twitter/cluster36.oracleGeneral.zst
twitter	https://ftp.pdl.cmu.edu/pub/datasets/twemcacheWorkload/cacheDatasets/twitter/cluster37.oracleGeneral.zst
twitter	https://ftp.pdl.cmu.edu/pub/datasets/twemcacheWorkload/cacheDatasets/twitter/cluster38.oracleGeneral.zst
twitter	https://ftp.pdl.cmu.edu/pub/datasets/twemcacheWorkload/cacheDatasets/twitter/cluster39.oracleGeneral.zst
twitter	https://ftp.pdl.cmu.edu/pub/datasets/twemcacheWorkload/cacheDatasets/twitter/cluster4.oracleGeneral.zst
twitter	https://ftp.pdl.cmu.edu/pub/datasets/twemcacheWorkload/cacheDatasets/twitter/cluster40.oracleGeneral.zst
twitter	https://ftp.pdl.cmu.edu/pub/datasets/twemcacheWorkload/cacheDatasets/twitter/cluster41.oracleGeneral.zst
twitter	https://ftp.pdl.cmu.edu/pub/datasets/twemcacheWorkload/cacheDatasets/twitter/cluster42.oracleGeneral.zst
twitter	https://ftp.pdl.cmu.edu/pub/datasets/twemcacheWorkload/cacheDatasets/twitter/cluster43.oracleGeneral.zst
twitter	https://ftp.pdl.cmu.edu/pub/datasets/twemcacheWorkload/cacheDatasets/twitter/cluster44.oracleGeneral.zst
twitter	https://ftp.pdl.cmu.edu/pub/datasets/twemcacheWorkload/cacheDatasets/twitter/cluster45.oracleGeneral.zst
twitter	https://ftp.pdl.cmu.edu/pub/datasets/twemcacheWorkload/cacheDatasets/twitter/cluster46.oracleGeneral.zst
twitter	https://ftp.pdl.cmu.edu/pub/datasets/twemcacheWorkload/cacheDatasets/twitter/cluster47.oracleGeneral.zst
twitter	https://ftp.pdl.cmu.edu/pub/datasets/twemcacheWorkload/cacheDatasets/twitter/cluster48.oracleGeneral.zst
twitter	https://ftp.pdl.cmu.edu/pub/datasets/twemcacheWorkload/cacheDatasets/twitter/cluster49.oracleGeneral.zst
twitter	https://ftp.pdl.cmu.edu/pub/datasets/twemcacheWorkload/cacheDatasets/twitter/cluster5.oracleGeneral.zst
twitter	https://ftp.pdl.cmu.edu/pub/datasets/twemcacheWorkload/cacheDatasets/twitter/cluster50.oracleGeneral.zst
twitter	https://ftp.pdl.cmu.edu/pub/datasets/twemcacheWorkload/cacheDatasets/twitter/cluster51.oracleGeneral.zst
twitter	https://ftp.pdl.cmu.edu/pub/datasets/twemcacheWorkload/cacheDatasets/twitter/cluster52.oracleGeneral.zst
twitter	https://ftp.pdl.cmu.edu/pub/datasets/twemcacheWorkload/cacheDatasets/twitter/cluster53.oracleGeneral.zst
twitter	https://ftp.pdl.cmu.edu/pub/datasets/twemcacheWorkload/cacheDatasets/twitter/cluster54.oracleGeneral.zst
twitter	https://ftp.pdl.cmu.edu/pub/datasets/twemcacheWorkload/cacheDatasets/twitter/cluster6.oracleGeneral.zst
twitter	https://ftp.pdl.cmu.edu/pub/datasets/twemcacheWorkload/cacheDatasets/twitter/cluster7.oracleGeneral.zst
twitter	https://ftp.pdl.cmu.edu/pub/datasets/twemcacheWorkload/cacheDatasets/twitter/cluster8.oracleGeneral.zst
twitter	https://ftp.pdl.cmu.edu/pub/datasets/twemcacheWorkload/cacheDatasets/twitter/cluster9.oracleGeneral.zst
tencentPhoto	https://ftp.pdl.cmu.edu/pub/datasets/twemcacheWorkload/cacheDatasets/tencentPhoto/tencent_photo1.oracleGeneral.zst
tencentPhoto	https://ftp.pdl.cmu.edu/pub/datasets/twemcacheWorkload/cacheDatasets/tencentPhoto/tencent_photo2.oracleGeneral.zst
