branch,trace,policy,size_mb,hp,threads,rep,miss,tp,requests
perthread,cache-t-00,lruforgive,512,25,1,1,0.7760,0.18,9826680
perthread,cache-t-00,lruforgive,512,25,1,2,0.7761,0.17,9826680
perthread,cache-t-00,lruforgive,512,25,1,3,0.7762,0.18,9826680
perthread,cache-t-00,lruforgive,1024,26,2,1,0.7734,0.34,19653360
perthread,cache-t-00,lruforgive,1024,26,2,2,0.7726,0.33,19653360
perthread,cache-t-00,lruforgive,1024,26,2,3,0.7724,0.33,19653360
perthread,cache-t-00,lruforgive,2048,27,4,1,0.7723,0.62,39306720
perthread,cache-t-00,lruforgive,2048,27,4,2,0.7723,0.66,39306720
perthread,cache-t-00,lruforgive,2048,27,4,3,0.7723,0.66,39306720
perthread,cache-t-00,lruforgive,4096,28,8,1,0.7724,1.02,75133400
perthread,cache-t-00,lruforgive,4096,28,8,2,0.7720,1.01,76133400
perthread,cache-t-00,lruforgive,4096,28,8,3,0.7730,1.05,76133400
perthread,cache-t-00,lruforgive,8192,29,16,1,0.7748,1.45,145306720
perthread,cache-t-00,lruforgive,8192,29,16,2,0.7749,1.46,145306720
perthread,cache-t-00,lruforgive,8192,29,16,3,0.7748,1.46,145306720
perthread,cache-t-00,s3fifoforgive,512,25,1,1,0.7679,0.34,9826680
perthread,cache-t-00,s3fifoforgive,512,25,1,2,0.7678,0.32,9826680
perthread,cache-t-00,s3fifoforgive,512,25,1,3,0.7679,0.34,9826680
perthread,cache-t-00,lru,512,25,1,1,0.8325,0.24,9826680
perthread,cache-t-00,lru,512,25,1,2,0.8325,0.26,9826680
perthread,cache-t-00,lru,512,25,1,3,0.8325,0.24,9826680
perthread,cache-t-00,lru,1024,26,2,1,0.8938,0.47,17826680
perthread,cache-t-00,lru,1024,26,2,2,0.9849,0.44,19653360
perthread,cache-t-00,lru,1024,26,2,3,0.9848,0.44,19653360
perthread,cache-t-00,lru,2048,27,4,1,0.8253,0.90,39306720
perthread,cache-t-00,lru,2048,27,4,2,0.8255,0.90,39306720
perthread,cache-t-00,lru,2048,27,4,3,0.8256,0.90,39306720
perthread,cache-t-00,lru,4096,28,8,1,0.8249,1.74,76133400
perthread,cache-t-00,lru,4096,28,8,2,0.8249,1.74,76133400
perthread,cache-t-00,lru,4096,28,8,3,0.8248,1.74,76133400
perthread,cache-t-00,lru,8192,29,16,1,0.8223,2.21,133306720
perthread,cache-t-00,lru,8192,29,16,2,0.8225,2.25,133306720
perthread,cache-t-00,lru,8192,29,16,3,0.8224,2.23,133306720
perthread,cache-t-00,s3fifo,512,25,1,1,0.7750,0.42,9826680
perthread,cache-t-00,s3fifo,512,25,1,2,0.7750,0.45,9826680
perthread,cache-t-00,s3fifo,512,25,1,3,0.7751,0.43,9826680
perthread,cache-t-00,lruforgive,600,25,1,1,0.7623,0.19,9826680
perthread,cache-t-00,lruforgive,600,25,1,2,0.7620,0.17,9826680
perthread,cache-t-00,lruforgive,600,25,1,3,0.7623,0.19,9826680
perthread,cache-t-00,lruforgive,1200,26,2,1,0.7604,0.36,19653360
perthread,cache-t-00,lruforgive,1200,26,2,2,0.7597,0.36,19653360
perthread,cache-t-00,lruforgive,1200,26,2,3,0.7605,0.33,19653360
perthread,cache-t-00,lruforgive,2400,27,4,1,0.7595,0.66,39306720
perthread,cache-t-00,lruforgive,2400,27,4,2,0.7596,0.67,39306720
perthread,cache-t-00,lruforgive,2400,27,4,3,0.7595,0.66,39306720
perthread,cache-t-00,lruforgive,4800,28,8,1,0.7597,1.05,76133400
perthread,cache-t-00,lruforgive,4800,28,8,2,0.7601,1.05,76133400
perthread,cache-t-00,lruforgive,4800,28,8,3,0.7599,1.05,76133400
perthread,cache-t-00,lruforgive,9600,29,16,1,0.7616,1.48,145306720
perthread,cache-t-00,lruforgive,9600,29,16,2,0.7614,1.49,145306720
perthread,cache-t-00,lruforgive,9600,29,16,3,0.7615,1.48,145306720
perthread,cache-t-00,s3fifoforgive,600,25,1,1,0.7537,0.28,9826680
perthread,cache-t-00,s3fifoforgive,600,25,1,2,0.7537,0.30,9826680
perthread,cache-t-00,s3fifoforgive,600,25,1,3,0.7537,0.28,9826680
perthread,cache-t-00,lru,600,25,1,1,0.8188,0.26,9826680
perthread,cache-t-00,lru,600,25,1,2,0.8188,0.24,9826680
perthread,cache-t-00,lru,600,25,1,3,0.8188,0.26,9826680
perthread,cache-t-00,lru,1200,26,2,1,0.9834,0.44,19653360
perthread,cache-t-00,lru,1200,26,2,2,0.9834,0.44,19653360
perthread,cache-t-00,lru,1200,26,2,3,0.9834,0.44,19653360
perthread,cache-t-00,lru,2400,27,4,1,0.8132,0.89,39306720
perthread,cache-t-00,lru,2400,27,4,2,0.8132,0.89,39306720
perthread,cache-t-00,lru,2400,27,4,3,0.8131,0.89,39306720
perthread,cache-t-00,lru,4800,28,8,1,0.8124,1.87,76133400
perthread,cache-t-00,lru,4800,28,8,2,0.8125,1.87,76133400
perthread,cache-t-00,lru,4800,28,8,3,0.8124,1.86,76133400
perthread,cache-t-00,lru,9600,29,16,1,0.8094,2.17,133306720
perthread,cache-t-00,lru,9600,29,16,2,0.8094,2.19,133306720
perthread,cache-t-00,lru,9600,29,16,3,0.8094,2.18,133306720
perthread,cache-t-00,s3fifo,600,25,1,1,0.7603,0.38,9826680
perthread,cache-t-00,s3fifo,600,25,1,2,0.7603,0.36,9826680
perthread,cache-t-00,s3fifo,600,25,1,3,0.7603,0.38,9826680
perthread,cache-t-00,lruforgive,1200,26,1,1,0.7041,0.19,9826680
perthread,cache-t-00,lruforgive,1200,26,1,2,0.7044,0.21,9826680
perthread,cache-t-00,lruforgive,1200,26,1,3,0.7038,0.19,9826680
perthread,cache-t-00,lruforgive,2400,27,2,1,0.7030,0.38,19653360
perthread,cache-t-00,lruforgive,2400,27,2,2,0.7036,0.38,19653360
perthread,cache-t-00,lruforgive,2400,27,2,3,0.7028,0.38,19653360
perthread,cache-t-00,lruforgive,4800,28,4,1,0.7021,0.69,39306720
perthread,cache-t-00,lruforgive,4800,28,4,2,0.7029,0.70,39306720
perthread,cache-t-00,lruforgive,4800,28,4,3,0.7030,0.70,39306720
perthread,cache-t-00,lruforgive,9600,29,8,1,0.7024,1.13,76133400
perthread,cache-t-00,lruforgive,9600,29,8,2,0.7024,1.15,76133400
perthread,cache-t-00,lruforgive,9600,29,8,3,0.7025,1.15,76133400
perthread,cache-t-00,lruforgive,19200,30,16,1,0.7030,1.57,145306720
perthread,cache-t-00,lruforgive,19200,30,16,2,0.7024,1.55,146133400
perthread,cache-t-00,lruforgive,19200,30,16,3,0.7029,1.57,145306720
perthread,cache-t-00,s3fifoforgive,1200,26,1,1,0.6867,0.24,9826680
perthread,cache-t-00,s3fifoforgive,1200,26,1,2,0.6867,0.22,9826680
perthread,cache-t-00,s3fifoforgive,1200,26,1,3,0.6866,0.24,9826680
perthread,cache-t-00,lru,1200,26,1,1,0.7543,0.25,9826680
perthread,cache-t-00,lru,1200,26,1,2,0.7543,0.27,9826680
perthread,cache-t-00,lru,1200,26,1,3,0.7543,0.25,9826680
perthread,cache-t-00,lru,2400,27,2,1,0.7526,0.48,19653360
perthread,cache-t-00,lru,2400,27,2,2,0.7522,0.48,19653360
perthread,cache-t-00,lru,2400,27,2,3,0.7526,0.48,19653360
perthread,cache-t-00,lru,4800,28,4,1,0.7511,0.96,39306720
perthread,cache-t-00,lru,4800,28,4,2,0.7512,0.96,39306720
perthread,cache-t-00,lru,4800,28,4,3,0.7512,0.96,39306720
perthread,cache-t-00,lru,9600,29,8,1,0.7502,1.85,76133400
perthread,cache-t-00,lru,9600,29,8,2,0.7503,1.85,76133400
perthread,cache-t-00,lru,9600,29,8,3,0.7501,1.85,76133400
perthread,cache-t-00,lru,19200,30,16,1,0.7487,1.88,146266800
perthread,cache-t-00,lru,19200,30,16,2,0.7488,1.88,146266800
perthread,cache-t-00,lru,19200,30,16,3,0.7488,1.88,146266800
perthread,cache-t-00,s3fifo,1200,26,1,1,0.6902,0.27,9826680
perthread,cache-t-00,s3fifo,1200,26,1,2,0.6902,0.29,9826680
perthread,cache-t-00,s3fifo,1200,26,1,3,0.6902,0.27,9826680
perthread,msr_proj_0,lruforgive,256,24,1,1,0.4480,0.20,4224523
perthread,msr_proj_0,lruforgive,256,24,1,2,0.4411,0.18,4224523
perthread,msr_proj_0,lruforgive,256,24,1,3,0.4474,0.20,4224523
perthread,msr_proj_0,lruforgive,512,25,2,1,0.4148,0.30,8449046
perthread,msr_proj_0,lruforgive,512,25,2,2,0.4161,0.30,8449046
perthread,msr_proj_0,lruforgive,512,25,2,3,0.4159,0.30,8449046
perthread,msr_proj_0,lruforgive,1024,26,4,1,0.4010,0.49,16898092
perthread,msr_proj_0,lruforgive,1024,26,4,2,0.4026,0.49,16898092
perthread,msr_proj_0,lruforgive,1024,26,4,3,0.4026,0.49,16898092
perthread,msr_proj_0,lruforgive,2048,27,8,1,0.3960,0.71,32673569
perthread,msr_proj_0,lruforgive,2048,27,8,2,0.3942,0.72,32898092
perthread,msr_proj_0,lruforgive,2048,27,8,3,0.3951,0.72,32898092
perthread,msr_proj_0,lruforgive,4096,28,16,1,0.3908,0.67,64898092
perthread,msr_proj_0,lruforgive,4096,28,16,2,0.3915,0.67,64673569
perthread,msr_proj_0,lruforgive,4096,28,16,3,0.3926,0.67,64449046
perthread,msr_proj_0,s3fifoforgive,256,24,1,1,0.4166,0.40,4224523
perthread,msr_proj_0,s3fifoforgive,256,24,1,2,0.4211,0.39,4224523
perthread,msr_proj_0,s3fifoforgive,256,24,1,3,0.5547,0.33,4224523
perthread,msr_proj_0,lru,256,24,1,1,0.5061,0.21,4224523
perthread,msr_proj_0,lru,256,24,1,2,0.5061,0.22,4224523
perthread,msr_proj_0,lru,256,24,1,3,0.5108,0.20,4224523
perthread,msr_proj_0,lru,512,25,2,1,0.4591,0.39,8449046
perthread,msr_proj_0,lru,512,25,2,2,0.4597,0.39,8449046
perthread,msr_proj_0,lru,512,25,2,3,0.4602,0.39,8449046
perthread,msr_proj_0,lru,1024,26,4,1,0.4446,0.75,16673569
perthread,msr_proj_0,lru,1024,26,4,2,0.4398,0.76,16898092
perthread,msr_proj_0,lru,1024,26,4,3,0.4456,0.74,16449046
perthread,msr_proj_0,lru,2048,27,8,1,0.4337,1.47,32898092
perthread,msr_proj_0,lru,2048,27,8,2,0.4367,1.45,32224523
perthread,msr_proj_0,lru,2048,27,8,3,0.4310,1.48,33122615
perthread,msr_proj_0,lru,4096,28,16,1,0.4206,1.60,62449046
perthread,msr_proj_0,lru,4096,28,16,2,0.4229,1.61,56449046
perthread,msr_proj_0,lru,4096,28,16,3,0.4169,1.57,59449046
perthread,msr_proj_0,s3fifo,256,24,1,1,0.4214,0.59,4224523
perthread,msr_proj_0,s3fifo,256,24,1,2,0.4216,0.60,4224523
perthread,msr_proj_0,s3fifo,256,24,1,3,0.4215,0.58,4224523
perthread,msr_proj_0,lruforgive,600,25,1,1,0.3267,0.22,4224523
perthread,msr_proj_0,lruforgive,600,25,1,2,0.3262,0.20,4224523
perthread,msr_proj_0,lruforgive,600,25,1,3,0.3267,0.22,4224523
perthread,msr_proj_0,lruforgive,1200,26,2,1,0.3192,0.35,8449046
perthread,msr_proj_0,lruforgive,1200,26,2,2,0.3188,0.35,8449046
perthread,msr_proj_0,lruforgive,1200,26,2,3,0.3181,0.35,8449046
perthread,msr_proj_0,lruforgive,2400,27,4,1,0.3175,0.56,16898092
perthread,msr_proj_0,lruforgive,2400,27,4,2,0.3170,0.69,16898092
perthread,msr_proj_0,lruforgive,2400,27,4,3,0.3167,0.56,16898092
perthread,msr_proj_0,lruforgive,4800,28,8,1,0.3159,0.87,32673569
perthread,msr_proj_0,lruforgive,4800,28,8,2,0.3159,0.87,32673569
perthread,msr_proj_0,lruforgive,4800,28,8,3,0.3164,0.87,32898092
perthread,msr_proj_0,lruforgive,9600,29,16,1,0.3143,0.84,63224523
perthread,msr_proj_0,lruforgive,9600,29,16,2,0.3145,0.84,62224523
perthread,msr_proj_0,lruforgive,9600,29,16,3,0.3143,0.84,63224523
perthread,msr_proj_0,s3fifoforgive,600,25,1,1,0.3083,0.34,4224523
perthread,msr_proj_0,s3fifoforgive,600,25,1,2,0.3081,0.32,4224523
perthread,msr_proj_0,s3fifoforgive,600,25,1,3,0.3078,0.34,4224523
perthread,msr_proj_0,lru,600,25,1,1,0.3378,0.27,4224523
perthread,msr_proj_0,lru,600,25,1,2,0.3367,0.29,4224523
perthread,msr_proj_0,lru,600,25,1,3,0.3367,0.27,4224523
perthread,msr_proj_0,lru,1200,26,2,1,0.3295,0.47,8449046
perthread,msr_proj_0,lru,1200,26,2,2,0.3282,0.47,8449046
perthread,msr_proj_0,lru,1200,26,2,3,0.3295,0.47,8449046
perthread,msr_proj_0,lru,2400,27,4,1,0.3250,0.93,16898092
perthread,msr_proj_0,lru,2400,27,4,2,0.3248,0.93,16898092
perthread,msr_proj_0,lru,2400,27,4,3,0.3245,0.93,16898092
perthread,msr_proj_0,lru,4800,28,8,1,0.3226,1.37,33122615
perthread,msr_proj_0,lru,4800,28,8,2,0.3239,1.36,32898092
perthread,msr_proj_0,lru,4800,28,8,3,0.3225,1.74,32898092
perthread,msr_proj_0,lru,9600,29,16,1,0.3217,1.79,60449046
perthread,msr_proj_0,lru,9600,29,16,2,0.3209,1.81,59224523
perthread,msr_proj_0,lru,9600,29,16,3,0.3192,1.79,58449046
perthread,msr_proj_0,s3fifo,600,25,1,1,0.3112,0.48,4224523
perthread,msr_proj_0,s3fifo,600,25,1,2,0.3112,0.51,4224523
perthread,msr_proj_0,s3fifo,600,25,1,3,0.3112,0.48,4224523
perthread,msr_proj_0,lruforgive,1200,26,1,1,0.2415,0.24,4224523
perthread,msr_proj_0,lruforgive,1200,26,1,2,0.2415,0.22,4224523
perthread,msr_proj_0,lruforgive,1200,26,1,3,0.2415,0.24,4224523
perthread,msr_proj_0,lruforgive,2400,27,2,1,0.2382,0.44,8449046
perthread,msr_proj_0,lruforgive,2400,27,2,2,0.2380,0.33,8449046
perthread,msr_proj_0,lruforgive,2400,27,2,3,0.2387,0.33,8449046
perthread,msr_proj_0,lruforgive,4800,28,4,1,0.2370,0.65,16898092
perthread,msr_proj_0,lruforgive,4800,28,4,2,0.2376,0.65,16898092
perthread,msr_proj_0,lruforgive,4800,28,4,3,0.2379,0.65,16898092
perthread,msr_proj_0,lruforgive,9600,29,8,1,0.2359,0.84,32449046
perthread,msr_proj_0,lruforgive,9600,29,8,2,0.2363,0.84,32449046
perthread,msr_proj_0,lruforgive,9600,29,8,3,0.2370,0.84,32449046
perthread,msr_proj_0,lruforgive,19200,30,16,1,0.2364,0.92,63673569
perthread,msr_proj_0,lruforgive,19200,30,16,2,0.2358,0.92,63898092
perthread,msr_proj_0,lruforgive,19200,30,16,3,0.2367,0.92,63224523
perthread,msr_proj_0,s3fifoforgive,1200,26,1,1,0.2182,0.24,4224523
perthread,msr_proj_0,s3fifoforgive,1200,26,1,2,0.2183,0.26,4224523
perthread,msr_proj_0,s3fifoforgive,1200,26,1,3,0.2182,0.25,4224523
perthread,msr_proj_0,lru,1200,26,1,1,0.2462,0.33,4224523
perthread,msr_proj_0,lru,1200,26,1,2,0.2462,0.31,4224523
perthread,msr_proj_0,lru,1200,26,1,3,0.2462,0.33,4224523
perthread,msr_proj_0,lru,2400,27,2,1,0.2434,0.44,8449046
perthread,msr_proj_0,lru,2400,27,2,2,0.2434,0.44,8449046
perthread,msr_proj_0,lru,2400,27,2,3,0.2434,0.44,8449046
perthread,msr_proj_0,lru,4800,28,4,1,0.2435,0.84,16224523
perthread,msr_proj_0,lru,4800,28,4,2,0.2426,0.85,16449046
perthread,msr_proj_0,lru,4800,28,4,3,0.2418,0.87,16898092
perthread,msr_proj_0,lru,9600,29,8,1,0.2400,1.68,32449046
perthread,msr_proj_0,lru,9600,29,8,2,0.2404,1.68,32449046
perthread,msr_proj_0,lru,9600,29,8,3,0.2401,1.69,32673569
perthread,msr_proj_0,lru,19200,30,16,1,0.2427,1.77,58224523
perthread,msr_proj_0,lru,19200,30,16,2,0.2390,1.76,62449046
perthread,msr_proj_0,lru,19200,30,16,3,0.2543,1.64,52449046
perthread,msr_proj_0,s3fifo,1200,26,1,1,0.2183,0.35,4224523
perthread,msr_proj_0,s3fifo,1200,26,1,2,0.2183,0.37,4224523
perthread,msr_proj_0,s3fifo,1200,26,1,3,0.2183,0.35,4224523
perthread,cluster53,lruforgive,128,23,1,1,0.2426,0.39,246508261
perthread,cluster53,lruforgive,128,23,1,2,0.2426,0.36,246508261
perthread,cluster53,lruforgive,128,23,1,3,0.2426,0.38,246508261
perthread,cluster53,lruforgive,256,24,2,1,0.2406,0.55,493016522
perthread,cluster53,lruforgive,256,24,2,2,0.2406,0.55,493016522
perthread,cluster53,lruforgive,256,24,2,3,0.2406,0.56,493016522
perthread,cluster53,lruforgive,512,25,4,1,0.2611,0.93,979508261
perthread,cluster53,lruforgive,512,25,4,2,0.2609,0.93,975508261
perthread,cluster53,lruforgive,512,25,4,3,0.2612,0.92,980508261
perthread,cluster53,lruforgive,1024,26,8,1,NA,1.13,1535104893
perthread,cluster53,lruforgive,1024,26,8,2,NA,1.13,1534907252
perthread,cluster53,lruforgive,1024,26,8,3,NA,1.14,1547516134
perthread,cluster53,lruforgive,2048,27,16,1,NA,NA,NA
perthread,cluster53,lruforgive,2048,27,16,2,NA,NA,NA
perthread,cluster53,lruforgive,2048,27,16,3,NA,NA,NA
perthread,cluster53,s3fifoforgive,128,23,1,1,0.2329,0.44,246508261
perthread,cluster53,s3fifoforgive,128,23,1,2,0.2329,0.48,246508261
perthread,cluster53,s3fifoforgive,128,23,1,3,0.2329,0.48,246508261
perthread,cluster53,lru,128,23,1,1,0.2618,1.01,246508261
perthread,cluster53,lru,128,23,1,2,0.2618,1.01,246508261
perthread,cluster53,lru,128,23,1,3,0.2618,1.02,246508261
perthread,cluster53,lru,256,24,2,1,0.2721,1.63,492508261
perthread,cluster53,lru,256,24,2,2,0.2719,1.63,492508261
perthread,cluster53,lru,256,24,2,3,0.2721,1.63,491508261
perthread,cluster53,lru,512,25,4,1,0.2894,3.00,966508261
perthread,cluster53,lru,512,25,4,2,0.2916,3.00,965508261
perthread,cluster53,lru,512,25,4,3,0.2911,3.01,970508261
perthread,cluster53,lru,1024,26,8,1,0.3162,3.39,1771508261
perthread,cluster53,lru,1024,26,8,2,0.3166,3.46,1813508261
perthread,cluster53,lru,1024,26,8,3,0.3200,3.46,1781508261
perthread,cluster53,lru,2048,27,16,1,0.3475,3.04,3115508261
perthread,cluster53,lru,2048,27,16,2,0.3536,3.01,3577508261
perthread,cluster53,lru,2048,27,16,3,0.3528,3.01,3607508261
perthread,cluster53,s3fifo,128,23,1,1,0.2359,1.40,246508261
perthread,cluster53,s3fifo,128,23,1,2,0.2359,1.38,246508261
perthread,cluster53,s3fifo,128,23,1,3,0.2359,1.31,246508261
perthread,cluster53,lruforgive,600,25,1,1,0.1276,0.44,246508261
perthread,cluster53,lruforgive,600,25,1,2,0.1276,0.39,246508261
perthread,cluster53,lruforgive,600,25,1,3,0.1276,0.44,246508261
perthread,cluster53,lruforgive,1200,26,2,1,0.1540,0.70,493016522
perthread,cluster53,lruforgive,1200,26,2,2,0.1541,0.70,493016522
perthread,cluster53,lruforgive,1200,26,2,3,0.1541,0.70,493016522
perthread,cluster53,lruforgive,2400,27,4,1,0.1572,1.14,982016522
perthread,cluster53,lruforgive,2400,27,4,2,0.1570,1.13,978016522
perthread,cluster53,lruforgive,2400,27,4,3,0.1571,1.13,979508261
perthread,cluster53,lruforgive,4800,28,8,1,0.1603,1.42,1873508261
perthread,cluster53,lruforgive,4800,28,8,2,0.1604,1.41,1876508261
perthread,cluster53,lruforgive,4800,28,8,3,0.1606,1.40,1884016522
perthread,cluster53,lruforgive,9600,29,16,1,NA,NA,NA
perthread,cluster53,lruforgive,9600,29,16,2,NA,NA,NA
perthread,cluster53,lruforgive,9600,29,16,3,NA,NA,NA
perthread,cluster53,s3fifoforgive,600,25,1,1,0.1213,0.41,246508261
perthread,cluster53,s3fifoforgive,600,25,1,2,0.1213,0.46,246508261
perthread,cluster53,s3fifoforgive,600,25,1,3,0.1213,0.41,246508261
perthread,cluster53,lru,600,25,1,1,0.1281,1.45,246508261
perthread,cluster53,lru,600,25,1,2,0.1281,1.33,246508261
perthread,cluster53,lru,600,25,1,3,0.1281,1.33,246508261
perthread,cluster53,lru,1200,26,2,1,0.1545,2.22,493016522
perthread,cluster53,lru,1200,26,2,2,0.1545,2.30,493016522
perthread,cluster53,lru,1200,26,2,3,0.1545,2.22,493016522
perthread,cluster53,lru,2400,27,4,1,0.1574,3.94,979524783
perthread,cluster53,lru,2400,27,4,2,0.1570,4.01,970508261
perthread,cluster53,lru,2400,27,4,3,0.1575,3.94,979524783
perthread,cluster53,lru,4800,28,8,1,0.1598,4.25,1759016522
perthread,cluster53,lru,4800,28,8,2,0.1601,4.42,1801016522
perthread,cluster53,lru,4800,28,8,3,0.1598,4.28,1774508261
perthread,cluster53,lru,9600,29,16,1,0.1615,4.12,3604508261
perthread,cluster53,lru,9600,29,16,2,0.1615,4.10,3567016522
perthread,cluster53,lru,9600,29,16,3,0.1616,4.12,3601016522
perthread,cluster53,s3fifo,600,25,1,1,0.1213,1.42,246508261
perthread,cluster53,s3fifo,600,25,1,2,0.1213,1.39,246508261
perthread,cluster53,s3fifo,600,25,1,3,0.1213,1.54,246508261
perthread,cluster53,lruforgive,1200,26,1,1,0.0947,0.40,246508261
perthread,cluster53,lruforgive,1200,26,1,2,0.0947,0.44,246508261
perthread,cluster53,lruforgive,1200,26,1,3,0.0947,0.40,246508261
perthread,cluster53,lruforgive,2400,27,2,1,0.1048,0.71,493016522
perthread,cluster53,lruforgive,2400,27,2,2,0.1048,0.71,493016522
perthread,cluster53,lruforgive,2400,27,2,3,0.1048,0.71,493016522
perthread,cluster53,lruforgive,4800,28,4,1,0.1128,1.18,974508261
perthread,cluster53,lruforgive,4800,28,4,2,0.1132,1.18,981508261
perthread,cluster53,lruforgive,4800,28,4,3,0.1131,1.18,980508261
perthread,cluster53,lruforgive,9600,29,8,1,0.1134,1.58,1886508261
perthread,cluster53,lruforgive,9600,29,8,2,0.1130,1.59,1870508261
perthread,cluster53,lruforgive,9600,29,8,3,0.1135,1.57,1898016522
perthread,cluster53,lruforgive,19200,30,16,1,NA,NA,NA
perthread,cluster53,lruforgive,19200,30,16,2,NA,NA,NA
perthread,cluster53,lruforgive,19200,30,16,3,NA,NA,NA
perthread,cluster53,s3fifoforgive,1200,26,1,1,0.0910,0.46,246508261
perthread,cluster53,s3fifoforgive,1200,26,1,2,0.0910,0.46,246508261
perthread,cluster53,s3fifoforgive,1200,26,1,3,0.0910,0.46,246508261
perthread,cluster53,lru,1200,26,1,1,0.0948,1.58,246508261
perthread,cluster53,lru,1200,26,1,2,0.0948,1.59,246508261
perthread,cluster53,lru,1200,26,1,3,0.0948,1.57,246508261
perthread,cluster53,lru,2400,27,2,1,0.1049,2.43,493016522
perthread,cluster53,lru,2400,27,2,2,0.1049,2.43,493016522
perthread,cluster53,lru,2400,27,2,3,0.1049,2.43,493016522
perthread,cluster53,lru,4800,28,4,1,0.1135,4.29,986033044
perthread,cluster53,lru,4800,28,4,2,0.1122,4.29,957508261
perthread,cluster53,lru,4800,28,4,3,0.1126,4.35,969508261
perthread,cluster53,lru,9600,29,8,1,0.1133,4.73,1834016522
perthread,cluster53,lru,9600,29,8,2,0.1130,4.77,1850508261
perthread,cluster53,lru,9600,29,8,3,0.1130,4.65,1770508261
perthread,cluster53,lru,19200,30,16,1,0.1148,4.55,3560508261
perthread,cluster53,lru,19200,30,16,2,0.1149,4.63,3561016522
perthread,cluster53,lru,19200,30,16,3,0.1149,4.55,3592508261
perthread,cluster53,s3fifo,1200,26,1,1,0.0910,1.70,246508261
perthread,cluster53,s3fifo,1200,26,1,2,0.0910,1.71,246508261
perthread,cluster53,s3fifo,1200,26,1,3,0.0910,1.73,246508261
perthread,msr_prxy_1,lruforgive,256,24,1,1,0.1997,0.47,168638963
perthread,msr_prxy_1,lruforgive,256,24,1,2,0.2025,0.43,168638963
perthread,msr_prxy_1,lruforgive,256,24,1,3,0.2536,0.45,168638963
perthread,msr_prxy_1,lruforgive,512,25,2,1,0.0143,1.19,337277926
perthread,msr_prxy_1,lruforgive,512,25,2,2,0.0143,1.19,337277926
perthread,msr_prxy_1,lruforgive,512,25,2,3,0.0142,1.19,336638963
perthread,msr_prxy_1,lruforgive,1024,26,4,1,0.0127,2.00,662638963
perthread,msr_prxy_1,lruforgive,1024,26,4,2,0.0127,2.02,668638963
perthread,msr_prxy_1,lruforgive,1024,26,4,3,0.0128,1.97,667638963
perthread,msr_prxy_1,lruforgive,2048,27,8,1,0.0126,2.97,1289638963
perthread,msr_prxy_1,lruforgive,2048,27,8,2,0.0126,3.03,1291638963
perthread,msr_prxy_1,lruforgive,2048,27,8,3,0.0126,3.03,1294638963
perthread,msr_prxy_1,lruforgive,4096,28,16,1,0.0125,4.04,2359555852
perthread,msr_prxy_1,lruforgive,4096,28,16,2,0.0125,4.01,2352277926
perthread,msr_prxy_1,lruforgive,4096,28,16,3,0.0125,3.96,2348638963
perthread,msr_prxy_1,s3fifoforgive,256,24,1,1,0.1216,0.50,168638963
perthread,msr_prxy_1,s3fifoforgive,256,24,1,2,0.1674,0.54,168638963
perthread,msr_prxy_1,s3fifoforgive,256,24,1,3,0.1676,0.49,168638963
perthread,msr_prxy_1,lru,256,24,1,1,0.3574,0.73,168638963
perthread,msr_prxy_1,lru,256,24,1,2,0.2758,0.76,168638963
perthread,msr_prxy_1,lru,256,24,1,3,0.3574,0.75,168638963
perthread,msr_prxy_1,lru,512,25,2,1,0.0164,3.42,322638963
perthread,msr_prxy_1,lru,512,25,2,2,0.0194,3.30,310638963
perthread,msr_prxy_1,lru,512,25,2,3,0.0149,3.81,330638963
perthread,msr_prxy_1,lru,1024,26,4,1,0.0135,5.59,665638963
perthread,msr_prxy_1,lru,1024,26,4,2,0.0139,5.34,674555852
perthread,msr_prxy_1,lru,1024,26,4,3,0.0133,5.53,655277926
perthread,msr_prxy_1,lru,2048,27,8,1,0.0127,5.37,1229638963
perthread,msr_prxy_1,lru,2048,27,8,2,0.0126,5.28,1208638963
perthread,msr_prxy_1,lru,2048,27,8,3,0.0126,5.24,1200638963
perthread,msr_prxy_1,lru,4096,28,16,1,0.0127,5.71,2434638963
perthread,msr_prxy_1,lru,4096,28,16,2,0.0126,5.48,2425638963
perthread,msr_prxy_1,lru,4096,28,16,3,0.0128,5.65,2544638963
perthread,msr_prxy_1,s3fifo,256,24,1,1,0.1621,1.22,168638963
perthread,msr_prxy_1,s3fifo,256,24,1,2,0.1621,1.21,168638963
perthread,msr_prxy_1,s3fifo,256,24,1,3,0.1619,1.22,168638963
perthread,msr_prxy_1,lruforgive,600,25,1,1,0.0030,0.79,168638963
perthread,msr_prxy_1,lruforgive,600,25,1,2,0.0030,0.80,168638963
perthread,msr_prxy_1,lruforgive,600,25,1,3,0.0030,0.80,168638963
perthread,msr_prxy_1,lruforgive,1200,26,2,1,0.0031,1.17,336638963
perthread,msr_prxy_1,lruforgive,1200,26,2,2,0.0030,1.21,336638963
perthread,msr_prxy_1,lruforgive,1200,26,2,3,0.0030,1.17,335638963
perthread,msr_prxy_1,lruforgive,2400,27,4,1,0.0032,1.94,666638963
perthread,msr_prxy_1,lruforgive,2400,27,4,2,0.0032,1.91,670277926
perthread,msr_prxy_1,lruforgive,2400,27,4,3,0.0031,1.94,663638963
perthread,msr_prxy_1,lruforgive,4800,28,8,1,0.0029,2.96,1274638963
perthread,msr_prxy_1,lruforgive,4800,28,8,2,0.0029,2.99,1287638963
perthread,msr_prxy_1,lruforgive,4800,28,8,3,0.0030,2.95,1293638963
perthread,msr_prxy_1,lruforgive,9600,29,16,1,0.0028,3.92,2343638963
perthread,msr_prxy_1,lruforgive,9600,29,16,2,0.0028,3.96,2339638963
perthread,msr_prxy_1,lruforgive,9600,29,16,3,0.0028,3.95,2336638963
perthread,msr_prxy_1,s3fifoforgive,600,25,1,1,0.0028,0.83,168638963
perthread,msr_prxy_1,s3fifoforgive,600,25,1,2,0.0028,0.84,168638963
perthread,msr_prxy_1,s3fifoforgive,600,25,1,3,0.0028,0.85,168638963
perthread,msr_prxy_1,lru,600,25,1,1,0.0031,2.91,168638963
perthread,msr_prxy_1,lru,600,25,1,2,0.0031,2.86,168638963
perthread,msr_prxy_1,lru,600,25,1,3,0.0031,2.89,168638963
perthread,msr_prxy_1,lru,1200,26,2,1,0.0032,3.84,337277926
perthread,msr_prxy_1,lru,1200,26,2,2,0.0032,3.84,337277926
perthread,msr_prxy_1,lru,1200,26,2,3,0.0032,3.84,337277926
perthread,msr_prxy_1,lru,2400,27,4,1,0.0031,6.03,625277926
perthread,msr_prxy_1,lru,2400,27,4,2,0.0033,6.36,658916889
perthread,msr_prxy_1,lru,2400,27,4,3,0.0030,6.43,615277926
perthread,msr_prxy_1,lru,4800,28,8,1,0.0029,5.45,1217638963
perthread,msr_prxy_1,lru,4800,28,8,2,0.0028,5.17,1196638963
perthread,msr_prxy_1,lru,4800,28,8,3,0.0029,5.56,1201638963
perthread,msr_prxy_1,lru,9600,29,16,1,0.0028,5.83,2419638963
perthread,msr_prxy_1,lru,9600,29,16,2,0.0029,5.94,2510638963
perthread,msr_prxy_1,lru,9600,29,16,3,0.0029,5.99,2389638963
perthread,msr_prxy_1,s3fifo,600,25,1,1,0.0028,3.81,168638963
perthread,msr_prxy_1,s3fifo,600,25,1,2,0.0028,3.93,168638963
perthread,msr_prxy_1,s3fifo,600,25,1,3,0.0028,3.86,168638963
perthread,msr_prxy_1,lruforgive,1200,26,1,1,0.0027,0.80,168638963
perthread,msr_prxy_1,lruforgive,1200,26,1,2,0.0027,0.79,168638963
perthread,msr_prxy_1,lruforgive,1200,26,1,3,0.0027,0.79,168638963
perthread,msr_prxy_1,lruforgive,2400,27,2,1,0.0026,1.17,336638963
perthread,msr_prxy_1,lruforgive,2400,27,2,2,0.0027,1.17,337277926
perthread,msr_prxy_1,lruforgive,2400,27,2,3,0.0027,1.17,337277926
perthread,msr_prxy_1,lruforgive,4800,28,4,1,0.0025,1.90,667638963
perthread,msr_prxy_1,lruforgive,4800,28,4,2,0.0025,1.90,666638963
perthread,msr_prxy_1,lruforgive,4800,28,4,3,0.0025,1.90,665638963
perthread,msr_prxy_1,lruforgive,9600,29,8,1,0.0024,2.91,1276638963
perthread,msr_prxy_1,lruforgive,9600,29,8,2,0.0024,2.98,1288638963
perthread,msr_prxy_1,lruforgive,9600,29,8,3,0.0024,2.93,1288638963
perthread,msr_prxy_1,lruforgive,19200,30,16,1,0.0023,3.89,2297638963
perthread,msr_prxy_1,lruforgive,19200,30,16,2,0.0023,3.96,2338638963
perthread,msr_prxy_1,lruforgive,19200,30,16,3,0.0023,3.92,2352277926
perthread,msr_prxy_1,s3fifoforgive,1200,26,1,1,0.0026,0.82,168638963
perthread,msr_prxy_1,s3fifoforgive,1200,26,1,2,0.0026,0.83,168638963
perthread,msr_prxy_1,s3fifoforgive,1200,26,1,3,0.0026,0.82,168638963
perthread,msr_prxy_1,lru,1200,26,1,1,0.0027,2.88,168638963
perthread,msr_prxy_1,lru,1200,26,1,2,0.0027,2.86,168638963
perthread,msr_prxy_1,lru,1200,26,1,3,0.0027,2.91,168638963
perthread,msr_prxy_1,lru,2400,27,2,1,0.0028,3.84,337277926
perthread,msr_prxy_1,lru,2400,27,2,2,0.0028,3.84,337277926
perthread,msr_prxy_1,lru,2400,27,2,3,0.0028,3.84,337277926
perthread,msr_prxy_1,lru,4800,28,4,1,0.0026,6.40,613277926
perthread,msr_prxy_1,lru,4800,28,4,2,0.0025,6.32,605277926
perthread,msr_prxy_1,lru,4800,28,4,3,0.0028,6.04,674555852
perthread,msr_prxy_1,lru,9600,29,8,1,0.0024,5.73,1234638963
perthread,msr_prxy_1,lru,9600,29,8,2,0.0023,5.47,1221638963
perthread,msr_prxy_1,lru,9600,29,8,3,0.0024,5.38,1245638963
perthread,msr_prxy_1,lru,19200,30,16,1,0.0023,5.70,2364638963
perthread,msr_prxy_1,lru,19200,30,16,2,0.0023,5.95,2378638963
perthread,msr_prxy_1,lru,19200,30,16,3,0.0023,5.85,2379638963
perthread,msr_prxy_1,s3fifo,1200,26,1,1,0.0026,3.70,168638963
perthread,msr_prxy_1,s3fifo,1200,26,1,2,0.0026,3.66,168638963
perthread,msr_prxy_1,s3fifo,1200,26,1,3,0.0026,3.68,168638963
